neighborhood,reviews,ratings,price,name,theme
Nairobi,33,5.0,100,Home next National Park!,City
Kilifi,3,5.0,65,family room,Coastal
Mombasa,1,4.0,70,Geo Mara Mombasa Beach Getaway,Coastal
Nairobi,1,4.0,80,Westlands Backpackers,City
Laikipia,0,4.5,75,A home away from home!,Countryside
Nairobi,0,5.0,67,Apartment-wifi kitchen available,City
Mombasa,1,4.0,45,Barizi Apartment,Coastal
Nairobi,8,4.0,45,Serene Accomodation,City
Mombasa,0,5.0,45,Room rent NICE 2bd home,Coastal
Nairobi,0,5.0,45,Short stay Accomodation.,City
Machakos,0,3.0,47,Home place,Small Town
Kiambu,8,4.0,45,"Tigoni Homestay,Limuru",Town
Mombasa,0,5.0,55,hotbox besides mombasa city stadium,Coastal
Nairobi,81,5.0,60,Cozy 1bd apt heart of Nairob,City
Nairobi,0,4.0,50,SOUTHHOOD GUEST VILLA,City
Taita Taveta,8,4.0,50,lake jipe camp,Town
Nairobi,2,5.0,60,3 rooms available rent,City
Nairobi,0,3.0,45,2 self contained rooms,City
Mombasa,0,3.0,50,Palace,Coastal
Kajiado,22,3.0,60,Maasai Hut - maasaiimmersion.com,Countryside
Nairobi,0,3.0,60,moses chege best accomodation style,City
Kwale,0,3.0,50,Diani Breeze Carens house,Coastal
Taita Taveta,22,4.0,50,River Lumi Resort - Taveta,Town
Kajiado,0,4.0,45,Spacious serene private room comfort,Countryside
Nairobi,53,5.0,10,Vegan/Fruitarian Accomodation,City
Nairobi,0,4.0,40,Godials Bed & Breakfast,City
Uasin Gishu,0,5.0,10,bobi's nest,Small Town
Nairobi,0,5.0,10,A room a family house,City
Nairobi,55,5.0,10,Faiths Place,City
Nairobi,0,5.0,35,Dorm Beds - (pp) Ladies Men,City
Kwale,21,5.0,18,4 Bedroom Furnished Beach Villa,Coastal
Kiambu,0,5.0,12,Private room a two bedroom house.,Town
Nairobi,2,5.0,40,Serene Furnished Studio Apartment,City
Kwale,22,5.0,23,Cool breeze secure apartment,Coastal
Nairobi,0,5.0,30,Large one bedroom apartment,City
Nairobi,3,5.0,36,Furnished room let Kilimani,City
Nairobi,34,5.0,15,Manyatta Backpackers,City
Nairobi,24,5.0,35,Godials Bed & Breakfast,City
Trans Nzoia,0,5.0,35,Comfortable& private rooms you,Small Town
Nairobi,0,4.0,25,Accomodation plan safaris,City
Nairobi,29,4.0,34,Studio let Denis Pritt Kilimani,City
Nairobi,0,4.0,16,TWO BEDROOM APARTMENT ONE BATH,City
Nairobi,2,4.0,12,DOUBLE ROOM 3 BR APRT -WESTLANDS,City
Machakos,37,4.0,10,GreatWall Apartment,Small Town
Nairobi,0,4.0,28,MAGGIES NEST HOTEL,City
Nairobi,0,4.0,10,Bustani Hostel,City
Nairobi,0,4.0,18,Home away from Home,City
Nairobi,0,4.0,20,Killileshwa 1 bedroom Apartment,City
Nairobi,0,4.0,15,"2 Bedroom 1 bath Apartment Nairobi, Near JKIA.",City
Nakuru,0,4.0,30,Mango Cribs 2,City
Nairobi,0,4.0,40,Home Away from Home,City
Nairobi,0,4.5,20,Rooftop apartment with amazing view,City
Nakuru,77,3.0,20,A Flat Rift Valley,City
Nairobi,7,4.0,20,Cool House,City
Nairobi,4,4.0,20,EILEEN WAMBUI,City
Nakuru,7,3.0,15,A Convenient Traveler's Room,City
Nairobi,12,5.0,24,Lovely neighborhood stay,City
Nairobi,1,3.5,40,SECURE CLEAN DOUBLE ROOM NAIROBI,City
Kilifi,6,5.0,16,Cozy 1 Bedroom Apartment,Coastal
Nairobi,1,5.0,30,"Paradise Africa,and true Kenyan Hospitality!!",City
Nairobi,4,5.0,10,A one bedroom apartment,City
Nairobi,0,2.0,25,Comfortable Home Stay - Nairobi,City
Mombasa,0,2.0,24,Secure prime location,Coastal
Nairobi,3,2.0,12,COMFORTABLE COZY APARTMENT,City
Kajiado,33,2.0,18,stay a family home O/Rongai,Countryside
Nairobi,3,5.0,12,KIJANI SANCTUARY GLOBE TROTTERS!!!,City
Kilifi,6,3.0,35,Swahili beach rooms with rooftop view,Coastal
Nairobi,3,3.0,40,"Charming Spac,Nice Estate Near City",City
Laikipia,5,3.0,30,Old Style 3 Beedroom Apartment,Countryside
Nairobi,3,3.0,10,Comfortable Bedsitter,City
Nyeri,9,3.0,10,Guest House/ Hostel Nyeri Town,Green Cities
Kajiado,39,3.0,15,Quiet slopes of Ngong Hills,Countryside
Nairobi,0,2.0,15,Happy Days.,City
Nairobi,0,2.0,10,Kinyua-Nairobi,City
Nairobi,0,2.0,20,AURA,City
Nairobi,51,2.0,11,Simple homely 1bedroom apartmen,City
Nairobi,5,5.0,10,Peaceful Garden,City
Nakuru,0,4.5,18,Outer toilet corridor,City
Nairobi,36,4.5,25,Home away from home,City
Nairobi,3,4.0,20,"Serene, clean stylish home away from home.",City
Mombasa,0,4.0,15,Amazing apartment with a balcony,Coastal
Nairobi,4,4.5,15,Friendly comfortable home,City
Nairobi,3,3.0,30,A home away from home,City
Nairobi,7,4.0,15,Super memories all times,City
Nairobi,0,3.0,20,15 minutes from JKIA Airport,City
Kwale,1,4.0,10,Bunk bed top on balcony,Coastal
Kilifi,1,2.0,28,Bayern-Holiday-Resort,Coastal
Nairobi,0,2.0,40,A loft apartment- Furnished,City
Nairobi,9,2.0,25,Cozy room sharing Hurlingham,City
Mombasa,6,5.0,10,Shared Beach House Likoni,Coastal
Nairobi,0,2.0,16,"Ada's Gem Langata,Peaceful Quiet Place Stay",City
Kilifi,2,5.0,18,Merry Crab Cove ~ Backpackers' Beach Banda: Bed 2,Coastal
Nairobi,2,5.0,30,Room a shared house - 2 beds,City
Nairobi,8,5.0,28,Lovely cosy two bedroom apartment karen,City
Nairobi,1,2.0,25,GARDEN OF EDEN GEUST HOUSE.,City
Kakamega,8,5.0,15,Shitungu havens Kakamega,Town
Homa Bay,0,5.0,20,Diakonia Resort,Lakeside
Kilifi,0,5.0,18,Merry Crab Cove ~ Backpackers' Beach Banda: Bed 6,Coastal
Nakuru,0,4.0,12,Haven of peace near Hyrax Hill museum,City
Nairobi,0,4.0,14,Shi's Place,City
Nairobi,8,4.0,18,"Two Person room, Furnished home Langata",City
Nairobi,8,4.0,26,A Serene affordable homestay,City
Kisumu,6,3.0,30,Private home away from home,Lakeside
Nairobi,0,2.0,22,Luxurious chambers,City
Nairobi,5,4.0,20,3 Bedroom Apartment,City
Nairobi,0,4.5,20,"Double Room, a Furnished Home, Langata",City
Nyeri,2,4.5,30,A little piece of Christian heaven,Green Cities
Bungoma,0,4.0,15,Typical Kenyan Living,Town
Kwale,44,4.0,27,A very romantic holiday place,Coastal
Nakuru,1,2.0,10,A Village Experience Kenya,City
Uasin Gishu,0,4.0,26,Bethel Home Stay(BHS),Small Town
Nairobi,0,4.0,31,blessed home,City
Nairobi,4,3.0,22,Individual Bed ❤️ Cama Individual,City
Nairobi,4,3.5,17,2 bedrooms Lavington sharing base,City
Nairobi,0,3.0,21,Tastefully furnished one bedroom apartment,City
Nandi,0,3.0,25,Rift Valley Resource Centre priced per guest,Green Cities
Nairobi,11,3.0,32,"Blissful Rooms 1 & 2 - Nairobi Embakasi, Near JKIA",City
Nyeri,0,4.0,10,Near sportmans arm,Green Cities
Nakuru,0,4.0,19,One of bedrooms,City
Nairobi,6,4.5,13,SINGLE EN-SUIT A 4 BED APARTMENT,City
Siaya,11,4.5,20,Bondo Travellers Hostel & Hotel,Lakeside
Mombasa,0,4.5,15,"Single room next ocean, Tudor",Coastal
Nairobi,1,4.5,21,luxurious palace,City
Nairobi,1,4.5,10,"House of Friends -Kibera, Nairobi",City
Kiambu,0,5.0,12,Kibichoi Greens,Town
Kiambu,0,5.0,10,"COOL, QUIET @ WAMBUGU'S",Town
Nyeri,22,5.0,25,Home away from home,Green Cities
Nairobi,0,5.0,30,Homestay Accommodation!,City
Nairobi,25,5.0,16,Buruburu phase one,City
Nairobi,0,5.0,10,Close garden city mall bunk bed,City
Nairobi,0,5.0,20,Home away from home!!,City
Kiambu,65,5.0,10,"Quiet, simplistic home away from home.",Town
Kwale,6,5.0,13,Diani Backpackers,Coastal
Kwale,5,4.0,15,Mikoko Cove - Dorm Banda,Coastal
Kiambu,0,4.0,15,Karibu Nyumbani,Town
Kilifi,0,4.0,18,Merry Crab Cove ~ Backpackers' Beach Banda: Bed 9,Coastal
Nairobi,19,4.0,10,super memories with our homestay,City
Kisumu,0,4.0,13,Join us home at Translake Estate,Lakeside
Kwale,54,4.0,10,Kirathimo Explorer's Oasis - MASAI DORM ROOM,Coastal
Nairobi,54,4.0,15,"Modern apartment, 15 mins from airport, Wi-Fi.",City
Nyeri,0,4.0,11,1980 Acres Farm,Green Cities
Nairobi,0,4.0,500,Elishama Greens,City
Nairobi,0,4.0,36,"Three Person room, Mdawida homestay, Langata.",City
Nairobi,0,4.0,375,SALTLICK GAME LODGE,City
Taita Taveta,0,4.0,375,"NDOLOLO SAFARI CAMP, (KENYA)",Town
Taita Taveta,0,4.0,375,"SENTRIM TSAVO SAFARI CAMP,KENYA",Town
Nyandarua,5,4.0,450,"Mukutan Retreat, Laikipia",Green Cities
Kiambu,5,4.5,245,Cosy 2BD with parking included,Town
Nakuru,4,4.5,184,LAKE NAKURU LODGE,City
Nairobi,0,4.5,184,VOI SAFARI LODGE,City
Kwale,0,4.5,150,"Comfort, elegance a serene area.",Coastal
Nairobi,0,4.5,109,Three bedroom apt sharing,City
Kajiado,0,4.5,120,Home Away From Home,Countryside
Nairobi,55,4.5,120,conducive environment large space,City
Kwale,22,4.0,93,"Diani Beach holiday homes, holiday villas dian,",Coastal
Nairobi,1,4.0,100,Cosy house Kile,City
Kisumu,0,4.0,100,Breeze Apartment Kisumu,Lakeside
Nairobi,5,4.0,95,Contemporary house Karen,City
Kericho,2,4.0,100,myspace hostel,Green Cities
Nairobi,82,4.5,21,Just like Home,City
Nairobi,3,3.0,128,pretty comfy,City
Kilifi,1,3.0,114,"Villa di Lusso,Parco Marino",Coastal
Nairobi,7,4.5,65,2 Rooms Cool & Bright 3BD @ Yaya,City
Nairobi,1,3.5,45,"Great location, free wifi a beautiful flat!",City
Nairobi,66,3.5,45,Cosy Kilimani Flat,City
Nairobi,0,3.5,49,Cosy Home Away From Home,City
Nairobi,5,3.5,50,Bed & Kitchen +WIFI,City
Nairobi,8,3.5,43,Central: 2 Rooms 3 Room Home,City
Nairobi,0,3.0,59,Garden Apartment Kileleshwa,City
Nairobi,0,3.0,59,"Private, spacious 3 bed house + garden Loresho",City
Kwale,8,4.0,41,Nelle spiagge favolose del Kenya,Coastal
Nairobi,77,5.0,47,Very Spacious Apartment,City
Nairobi,0,4.5,55,Modern fully furnished apartment good location,City
Nairobi,7,5.0,36,Tumbili Bungalow,City
Kilifi,0,4.0,320,CHARMING HOLIDAY HOUSE,Coastal
Kilifi,0,4.0,320,Charming Vacation Home,Coastal
Kilifi,0,3.5,350,vipingo ridge,Coastal
Kwale,7,4.5,380,Galu Kinondo Beach House,Coastal
Nairobi,0,3.5,210,Quality Living-Hurlingham Near YaYa,City
Kilifi,0,4.0,260,4 Bedroom villa with private chef,Coastal
Kilifi,2,4.0,202,Coastal villa at Kilifi Creek,Coastal
Kilifi,0,4.0,250,Vipingo Royal Home. An Amazing home,Coastal
Kilifi,0,4.5,239,Relax at Villa Mambrui Malindi,Coastal
Kilifi,1,3.0,233,BAOB HOUSE - Charming Family Villa Malindi,Coastal
Kilifi,1,5.0,250,Maisha Marefu Hse. On Vipingo Beach,Coastal
Kilifi,0,2.0,291,Villa with pool Watamu,Coastal
Nakuru,1,5.0,250,Shwari Cottages,City
Baringo,2,5.0,210,Samatian Island,Small Town
Kwale,4,5.0,245,"Villa Milele, Diani Beach, Kenya",Coastal
Kwale,20,5.0,227,"Luxury Diani villa, fantastic staff, sleeps 14",Coastal
Nairobi,0,4.0,143,Eon Serviced Apartment,City
Nairobi,22,4.0,150,3 bedroomed furnished apartme,City
Mombasa,0,4.0,150,EXECUTIVE 4TH AVENUE VILLA,Coastal
Kilifi,5,4.0,150,"2 Bedroom House - ensuite, both lead Beach",Coastal
Nairobi,6,4.0,150,Unicorn La Table,City
Kwale,1,3.0,167,Villa Raymond Diani-5 star luxury villa with pool,Coastal
Kilifi,0,3.0,129,Luxury apartment,Coastal
Kiambu,0,3.0,100,Safari House with Pool Bush!,Town
Kwale,6,3.0,105,Cosy Home a few steps by Ocean,Coastal
Kisumu,0,4.0,105,Culture Heritage House,Lakeside
Nairobi,2,4.0,116,"Modern, spacious house Nairobi - Ridgeways",City
Kwale,5,4.0,117,"Stunning House, Incredible view!",Coastal
Kilifi,0,4.0,116,Beautiful villa Malindi (Kenya),Coastal
Nairobi,0,4.0,115,2 bedroom fully furnished,City
Nairobi,0,3.0,105,Nabo Residences,City
Nairobi,6,3.0,108,4rooms|Ensuite|Ngong Rd|TheJunction,City
Mombasa,0,4.0,95,"Cosy Nyali, Furnished Apartment",Coastal
Nairobi,1,5.0,100,Cozy Penthouse apartment,City
Nairobi,8,5.0,68,Cozy Home with an Office. Be our guest.,City
Nairobi,0,3.0,70,Tastefully furnished apartment,City
Nairobi,0,5.0,62,Acacia apartment - Westlands,City
Nairobi,1,3.0,70,"Musafiri- private, comfortable business",City
Nairobi,8,3.0,67,Upper Hill: Home Away from Home,City
Kwale,8,4.0,78,"Southern Cottages (Best Host,Coast 2 Coast)",Coastal
Kilifi,2,3.0,71,Fantastico Cottage Malindi,Coastal
Kilifi,0,3.5,58,Magic Kenya,Coastal
Mombasa,8,5.0,45,MY Apartment,Coastal
Kilifi,0,4.0,42,Village Malindi,Coastal
Kilifi,8,4.0,52,Mevefi Sister House- Ocean view apartment,Coastal
Kwale,4,3.0,45,"Villa Papaya Jamboland-Diani, Ukunda",Coastal
Nairobi,0,5.0,32,Cozy 2 Bedroom Apartment,City
Kwale,0,3.0,17,Lil's Court cosy mini apartment,Coastal
Kilifi,84,6.0,35,Mike Villa 1 Bedroom,Coastal
Nakuru,0,6.0,25,Nice well maintained apartment,City
Kiambu,4,3.0,1700,lobelia,Town
Laikipia,48,3.5,1850,Private house wildlife area,Countryside
Laikipia,0,4.0,5550,Private house wildlife area,Countryside
Nakuru,0,4.0,6500,"Ziwani Island, Lake Naivasha",City
Laikipia,84,5.0,3700,Private Villa wildlife area,Countryside
Nairobi,0,5.0,9000,Opp Nakumatt Prestige Cozy Apartment,City
Kwale,48,5.0,4500,coco-nut palm/roundhouse,Coastal
Laikipia,0,4.0,1850,Private Villa African bush,Countryside
Kilifi,54,5.0,1500,Coastal luxury family 5 bedroom villa,Coastal
Nairobi,0,5.0,1398,Furnished 3 bedroomed apartment,City
Nairobi,0,5.0,1450,spring valley westlands off peponi,City
Mombasa,12,5.0,757,Kenya Holiday Breeze Travel Agency,Coastal
Nairobi,0,5.0,750,Beautiful Apartment Near Yaya,City
Nairobi,0,4.0,1000,this a two bedroom apartment,City
Nairobi,33,5.0,1000,Lavington Hill House,City
Nairobi,3,4.0,1000,Swahili Style Mansion Narnia,City
Nairobi,22,4.0,1000,Penthouse let with spacious room,City
Nairobi,0,4.0,800,Spacious one bedroom Westlands,City
Kilifi,5,4.0,834,coral beach house,Coastal
Lamu,2,4.0,1000,Minimalist Swahili Fortress on Private Beach!,Coastal
Kilifi,1,5.0,900,Vipingo ridge mansion,Coastal
Kwale,23,5.0,550,Ebony villa,Coastal
Kwale,51,5.0,520,Tamasha Villa B,Coastal
Kwale,1,5.0,550,Salamanda villa,Coastal
Mombasa,0,5.0,550,English Point Marina,Coastal
Kilifi,2,5.0,700,Hill top luxurious 5 bedroom villa,Coastal
Kwale,3,5.0,600,DIANI SWED BREEZE APARTMENTS,Coastal
Mombasa,11,4.0,580,Executive 4 bedroom beachside villa,Coastal
Nairobi,1,3.0,700,"East African Wildlife Safaris, Kenya",City
Lamu,4,5.0,580,MOON HOUSES - FULL MOON,Coastal
Kilifi,1,5.0,688,Penthouse 35 : Medina Palms,Coastal
Kilifi,5,4.0,699,!LUXURY VILLA WITH PRIVATE SUITES !,Coastal
Narok,1,3.0,600,Mara West House,Countryside
Kajiado,1,3.0,600,Furnished house Four bedroom mansionate Ngong,Countryside
Kilifi,1,3.0,640,Perfect Family Vacation Home,Coastal
Kilifi,1,4.0,600,5 bedroom beachside holiday villa,Coastal
Kwale,0,4.0,649,Watano Beach House,Coastal
Nairobi,0,5.0,450,Kibo House - A Nairobi paradise,City
Mombasa,0,4.0,350,Sahil furnished apartment Near city Mall Nyali,Coastal
Kwale,0,4.0,450,Private House near Neptune,Coastal
Kilifi,0,5.0,300,COZY BEACH APARTMENTS,Coastal
Kilifi,1,5.0,349,Un paradiso Africa,Coastal
Mombasa,1,5.0,350,An Executive holiday home nyali.,Coastal
Mombasa,1,4.0,350,Fabulous 4BD Massionette Nyali Golf,Coastal
Mombasa,1,5.0,430,Neptune Villas,Coastal
Mombasa,1,3.5,350,Tamarind Breeze,Coastal
Kwale,5,5.0,350,Golden Jurantus,Coastal
Kwale,5,4.0,350,Golden jurantus,Coastal
Mombasa,55,4.0,450,Serena executive 4 bedroom holiday villa,Coastal
Kilifi,0,4.0,350,TROPICAL GARDEN HOUSE,Coastal
Mombasa,0,4.0,450,Garden House,Coastal
Nairobi,0,4.0,349,Watamu beach villa/ apartments,City
Nyeri,1,5.0,373,Farmhaus,Green Cities
Kwale,0,5.0,466,"Makuti House, 14 pax (123456)",Coastal
Lamu,0,5.0,349,"La Joya House, paradise here...",Coastal
Kwale,0,5.0,466,Makuti House 11 pax (12345),Coastal
Nairobi,0,5.0,350,Stunning Penthouse Westlands.,City
Kwale,0,5.0,373,Arcadia Cliff House,Coastal
Kwale,0,5.0,380,Adina Garden villa,Coastal
Nairobi,0,4.0,500,onegoodstay-Luxehill Villas（优住内罗毕豪华独栋别墅）,City
Nyeri,22,5.0,320,Kahiga Homestay,Green Cities
Nairobi,23,5.0,400,"Secure, Large, Spacious Apartment",City
Kajiado,2,5.0,455,A Unique beautiful bush home near Amboseli,Countryside
Mombasa,0,5.0,450,"Fredrick Mikai Tours,",Coastal
Kiambu,0,5.0,400,Classic Colonial House by Golf Club,Town
Kwale,5,5.0,373,Villa Shaanti,Coastal
Kiambu,5,5.0,400,Kahawa -Sukari,Town
Nairobi,54,3.5,350,Karura Spring Suites,City
Lamu,0,4.0,466,Ras Firdaws House Lamu,Coastal
Kwale,5,4.0,350,"Sandarusi House, Tiwi Beach",Coastal
Kilifi,2,4.0,449,Neem House Malindi Kenya Coast,Coastal
Laikipia,1,4.0,300,Olpejeta Swara house,Countryside
Kilifi,3,4.0,449,Luxury golf beach home Kenya,Coastal
Kilifi,23,4.0,350,dar metti,Coastal
Nakuru,0,4.0,350,LUXURIOUS VILLA - GREAT RIFT VALLEY LODGE NAIVASHA,City
Kilifi,8,4.0,490,Vipingo Ridge Luxury Golf Villa,Coastal
Kilifi,0,5.0,500,Nirvata Villa set Vipingo Ridge golf Resort,Coastal
Kilifi,25,3.0,360,Villa with Stunning Sea Views,Coastal
Mombasa,0,4.0,250,An outstanding luxury villa nyali,Coastal
Mombasa,0,4.5,234,Wangari Villas,Coastal
Kwale,0,3.0,230,Amber Villa II,Coastal
Mombasa,0,2.0,250,Pier Holiday Villa,Coastal
Kilifi,0,3.0,300,"3 Bedroom Villa, Vipingo Ridge",Coastal
Mombasa,0,5.0,282,APARTMENTS SUNSET PARADISE MOMBASA,Coastal
Nairobi,0,658.0,285,LAVINGTON’S Epic - B & B Sleep 6,City
Nairobi,0,5.0,300,Great palatial mansion home,City
Nairobi,0,2.0,300,Flourishing Springs Home,City
Homa Bay,4,3.0,10,Bunk bed Rusinga Island,Lakeside
Nairobi,6,2.0,20,3 bedroom apartment,City
Embu,0,2.0,10,Unparalleled experience our premier facilities,Countryside
Nairobi,6,4.0,15,A well Spacious house .,City
Nairobi,1,4.0,18,SHARED ROOM-KILIMANI VALLEY ARCADE,City
Nakuru,1,4.0,12,Free spirits,City
Homa Bay,2,4.0,10,Double bed Rusinga Island,Lakeside
Kilifi,4,4.0,18,Distant Relatives Ecolodge: Dorm,Coastal
Nairobi,4,5.0,18,SHARED ROOM-KILIMANI VALLEY ARCADE,City
Nairobi,6,5.0,30,Elegant Room 2 Beautiful Karen Home,City
Kisumu,19,4.5,14,Hostel with comfortable beds,Lakeside
Nakuru,10,5.0,10,Gracie's Home Nakuru.,City
Nairobi,2,5.0,300,Connaught 52 Westlands,City
Lamu,0,5.0,263,"AMBER HOUSE,LAMU",Coastal
Kilifi,0,5.0,250,"Dar Mida House, Mida Creek, Watamu, Kenya",Coastal
Nairobi,0,5.0,240,Gem Suites Serviced Apartments,City
Nairobi,2,5.0,245,Furnished 3Bed Cottage Karen,City
Kilifi,3,5.0,300,End Of Block,Coastal
Mombasa,3,5.0,280,Coral Cove Beach Front Apartment,Coastal
Mombasa,0,5.0,250,A stunning holiday home shanzu.,Coastal
Nairobi,0,5.0,250,Karen Maghreb,City
Nairobi,2,4.0,270,Ideal getaway,City
Kilifi,2,4.5,234,Kiboko Nyumba - Hippo House,Coastal
Kilifi,0,5.0,253,5 Bedroom 6 Bathroom Villa n. 7,Coastal
Nakuru,8,5.0,204,Unique bush home Naivasha,City
Nakuru,7,5.0,300,Lucita Farm Guest House Two Naivasha,City
Mombasa,1,5.0,270,Waterfront Villa Annchen - 1 row at Mtwapa Creek!,Coastal
Kisumu,0,5.0,260,Evergreen Plains Farmhouse,Lakeside
Nakuru,0,5.0,280,"Uvaini House, Naivasha",City
Kwale,0,5.0,218,Serene Villas with a home away from home feeling,Coastal
Nakuru,8,5.0,220,"Quintessential, Serene Cabin",City
Kwale,6,5.0,210,Amber Villa Diani,Coastal
Kilifi,0,5.0,233,SIMBA WA KALE LUXURY RESORT | CASUARINA BEACH,Coastal
Nairobi,0,5.0,230,Farm Vacation House Kiambu,City
Kirinyaga,0,4.0,290,Chalet Montane,Green Cities
Kwale,4,4.0,250,"Fair Haven Resort, Diani",Coastal
Kilifi,0,4.0,250,Makuti Hoose,Coastal
Nairobi,5,4.5,280,"Amazing House, Karen",City
Kwale,0,4.0,260,Swahili House - Main House,Coastal
Lamu,0,4.0,250,Entire House downtown Lamu,Coastal
Nairobi,0,5.0,245,Your Nairobi Home away from Home!!!,City
Lamu,3,4.5,290,Historical house old Lamu with seaview pool,Coastal
Kilifi,9,4.5,260,Coast House - main -5 mins beach,Coastal
Kwale,0,2.0,220,Msitu Diani Beach,Coastal
Nakuru,3,5.0,275,Lucita Farm Guest House One Naivasha,City
Kilifi,1,2.0,250,Kilifi -Beautiful ocean front home. Amazing views!,Coastal
Nakuru,7,2.0,292,Lahai Cottages,City
Nairobi,0,5.0,250,RUNDA SUITES -UN DIPLOMATIC - (WHOLE HOUSE),City
Nakuru,0,2.0,250,Bellevue Farm,City
Makueni,0,2.0,250,"modern, quiet, cool, accessible",Countryside
Kilifi,1,2.0,250,Kilifi - Beautiful ocean front home amazing views,Coastal
Lamu,3,4.5,286,Waridi House,Coastal
Nakuru,3,4.5,240,Pinklakeman Tree House,City
Kilifi,8,5.0,258,Stunning Sunny Villa Overlooking Mida Creek,Coastal
Nyandarua,3,5.0,260,"En-Korika is...serenity bliss, home",Green Cities
Kwale,5,5.0,233,"VILLA MADAGASKAR luxury, pool, cook, house lady",Coastal
Kiambu,8,5.0,300,Lakehouse Tigoni,Town
Kwale,24,5.0,206,"Elephants, nature, view, space, pool.",Coastal
Kwale,0,5.0,180,Lalapanzi (Sleep well here),Coastal
Nairobi,3,4.5,182,Gorgeous Westlands 2bdrm flat,City
Kajiado,0,5.0,200,Oltalet Cottages,Countryside
Nairobi,0,2.0,185,Serenity at Serene Valley,City
Kilifi,0,5.0,185,VILLA MODERNA DI DESIGN,Coastal
Kilifi,0,2.0,186,Paradiso Africa,Coastal
Kwale,0,5.0,200,La Grace Villa,Coastal
Kilifi,0,2.0,200,"Maison Müge, das romantische Bijou für Ihre Ferien",Coastal
Kwale,0,2.0,200,Garden Villa,Coastal
Mombasa,3,3.5,200,Nyali Suite ~ A Royal Holiday Home,Coastal
Kwale,0,4.0,200,Beach Cottage,Coastal
Kwale,0,2.0,200,Sakura Villa,Coastal
Kilifi,0,3.5,200,3 Bedroom Private Home Rent,Coastal
Kilifi,0,5.0,200,"Charming Mansion Malindi, Kenya",Coastal
Nairobi,0,3.0,200,Trendy Upperhill Apartment,City
Nakuru,1,3.0,200,MAMA'S HOUSE NAKURU,City
Kwale,0,2.0,200,Beehive Cottages - Forager Cottage,Coastal
Kwale,0,2.0,200,La Maria,Coastal
Mombasa,0,2.0,200,Cosy Coast apartment,Coastal
Lamu,4,5.0,182,Nyota House,Coastal
Kajiado,0,4.0,190,Oloika Cottage,Countryside
Nairobi,0,4.0,200,Beautiful Spring Valley home,City
Kilifi,0,3.0,186,charming apartment on lovely beach of Watamu,Coastal
Kilifi,0,3.0,200,Amazing BeachfrontVillas Mambrui,Coastal
Kilifi,0,3.5,200,Breath-taking 3 bedroom Golf Course Villa,Coastal
Nairobi,0,2.0,200,FOURWAYS JUNCTION HOMESTAY,City
Kilifi,0,3.0,200,'Il palmento' Beach Villa,Coastal
Kilifi,0,3.0,200,Breezy beach bungalow,Coastal
Kisumu,3,4.5,200,California House Kisumu Kenya,Lakeside
Nairobi,0,5.0,200,Aloha Cottage,City
Kilifi,0,5.0,190,"Van Vliet Villa, 4 bedroom at Vipingo Ridge",Coastal
Machakos,0,4.5,200,Athi River Getaway - Unit 1,Small Town
Kilifi,0,4.0,190,Karabisha on Vipingo Ridge,Coastal
Kilifi,1,4.0,195,"Samundra, Watamu, Kenya",Coastal
Lamu,0,5.0,200,BAREFOOT BEACH BANDAS - QUIET SIDE OF LAMU ISLAND,Coastal
Kajiado,2,2.5,200,Sidai House,Countryside
Laikipia,10,5.0,200,Mount Kenya Wildlife Estate House #56,Countryside
Nakuru,0,3.0,185,Serene Deluxe Villa,City
Kilifi,5,5.0,182,Maweni House - Kilifi,Coastal
Machakos,1,3.0,200,Koppie House,Small Town
Laikipia,6,5.0,200,Farm stay foothills of Mt Kenya,Countryside
Nairobi,0,4.0,195,"Magnifique maison avec piscine, calme, securisée",City
Kilifi,0,4.0,198,CHRIS HOUSE,Coastal
Meru,0,3.5,200,J.D. VILLA,Town
Kilifi,5,4.5,190,Palm House-Beach Front,Coastal
Nakuru,12,5.0,200,Leleshwa House,City
Laikipia,46,5.0,195,LUXURY HOME ON WILDLIFE CONSERVANCY,Countryside
Kwale,0,3.5,143,Gatehouse at Watano Beach House,Coastal
Kwale,0,4.0,148,Taj Riviera House Diani Beach,Coastal
Nairobi,0,4.0,150,Amazing 4 bed all ensuite penthouse,City
Kwale,0,4.5,150,Nearby diani apartment,Coastal
Mombasa,0,5.0,150,Elegant 3 bedroom apartment,Coastal
Mombasa,0,2.0,155,Fabulous 3BD Sea View Apartment.,Coastal
Nairobi,1,2.0,150,200 SM New cozy apartment,City
Mombasa,0,2.0,150,Home Away From Home,Coastal
Nairobi,0,3.0,145,"Private 4 BR Villa Kyuna/Westlands, Nairobi",City
Mombasa,0,5.0,150,Beach Homes,Coastal
Nairobi,1,4.0,150,APARTMENT-KILIMANI VALLEY ARCADE,City
Kwale,0,3.0,150,Diani Beach 2 bedroom Cottage,Coastal
Mombasa,0,4.0,150,EXECUTIVE 3 BR APARTMENT,Coastal
Mombasa,0,5.0,150,"Super Cute, 3BD, 4 Bathrooms Nyali.",Coastal
Laikipia,0,5.0,180,"Villa Wild, Mount Kenya Wildlife Estate #51",Countryside
Nairobi,4,3.5,150,Beautiful Convenient Apartment,City
Mombasa,0,3.0,141,"Cosy, Chic, Clean Comfortable",Coastal
Nairobi,0,2.0,150,Fully Furnished Modern Apartment,City
Mombasa,0,5.0,154,Deluxe Two Bedroom Apartment,Coastal
Mombasa,0,4.0,150,PR6 Purple Rose Apartments,Coastal
Nairobi,0,5.0,165,Luxurious two bedroom furnished apartment,City
Marsabit,0,2.0,168,Ferienwohnung mit Gemeinschaftspool,Countryside
Nairobi,0,3.0,177,Furnished apartment 3bedroom let,City
Kilifi,0,2.0,150,Jonjoloka,Coastal
Nairobi,0,5.0,150,Shema Apartment,City
Kwale,1,3.0,153,Penthouse Gracia,Coastal
Mombasa,0,4.0,170,Premium Two Bedroom,Coastal
Nairobi,0,5.0,155,spacious one bedroom apartment,City
Mombasa,4,4.5,150,Urban Ville Homes,Coastal
Kwale,4,5.0,355,Three Monkeys House,Coastal
Kilifi,0,2.0,350,Dar Saba on Vipingo Ridge,Coastal
Kwale,2,5.0,350,Grand Amber Villa,Coastal
Kilifi,2,2.0,380,Dar Saba on Vipingo Ridge Estate,Coastal
Nakuru,0,3.0,450,"Inka Homes, Kedong Ranch",City
Nakuru,3,2.0,350,"Housing at Kedong Ranch, Naivasha",City
Nakuru,5,5.0,350,"Ajabu House, Lake Naivasha",City
Lamu,4,5.0,407,Jahazi House Lamu,Coastal
Kwale,10,4.5,419,Waterside Luxury Villa Tiwi Beach,Coastal
Nakuru,27,2.0,350,"Ol-Popongi Camp, Kedong, Naivasha",City
Mombasa,0,5.0,200,Mombasa Holiday Home,Coastal
Nairobi,0,5.0,200,"Executive Furnished Apartment,Karen",City
Mombasa,0,2.0,216,Little Tropical Nest by Beach,Coastal
Kilifi,1,3.0,210,large villa with pool malindi,Coastal
Mombasa,0,5.0,225,Sea View Apartment,Coastal
Kilifi,0,5.0,300,4 BEDROOM HOLIDAY VILLA,Coastal
Laikipia,1,2.0,202,"Villa Wild, Mount Kenya Wildlife Estate #57",Countryside
Laikipia,0,3.0,202,"Villa Wild, Mount Kenya Wildlife Estate #30",Countryside
Kwale,2,2.0,233,Sunset Villa Boutique Resort,Coastal
Kwale,0,3.0,233,Makuti House 8 Pax (1234),Coastal
Kilifi,0,2.0,210,MALINDI silversand Albi apt,Coastal
Mombasa,1,5.0,216,Executive Luxury Beach Apartment,Coastal
Nairobi,1,5.0,227,Tranquil Green Suburb of Nairobi,City
Kilifi,0,5.0,220,Beautiful sea front villa,Coastal
Nairobi,0,5.0,221,Sasumwa Bungalow,City
Nairobi,0,4.0,220,Jamesborough Residences,City
Kwale,0,2.0,300,African Eagle villa,Coastal
Kilifi,0,3.0,225,Sedona Properties | Jacaranda House,Coastal
Kwale,0,2.0,232,Makuti House 6 Pax (124),Coastal
Laikipia,0,3.0,202,"Villa Wild, Mount Kenya Wildlife Estate #34",Countryside
Nairobi,0,2.0,210,3 bedroom furnished apartment,City
Kilifi,0,3.0,300,private house,Coastal
Kilifi,0,2.0,221,White Nyumba,Coastal
Kwale,1,5.0,205,Sukuma House,Coastal
Kilifi,0,5.0,250,Malindi Palace,Coastal
Kilifi,0,5.0,210,Bourgan House,Coastal
Mombasa,0,5.0,250,A luxury holiday apartment nyali,Coastal
Kilifi,0,5.0,220,Golfing holiday home Kenyan Coast,Coastal
Mombasa,0,2.0,255,Cosy 5BD Beautiful Villa Mombasa.,Coastal
Kilifi,0,2.0,214,Takaungu - Private House,Coastal
Kajiado,0,2.0,230,precious home,Countryside
Kwale,0,2.0,250,DIANI SEA BREEZE VILLA,Coastal
Kilifi,0,3.0,221,VILLA OCEAN VIEW,Coastal
Kilifi,0,3.0,250,Ngugi's house,Coastal
Kwale,0,3.0,280,A charming 4bedroom villa,Coastal
Kilifi,0,3.0,205,"Comfort Modern Mansion Malindi, Kenya",Coastal
Kwale,0,4.5,250,BLUE WATER RESORT,Coastal
Mombasa,0,4.5,250,Sky-Line Penthouse,Coastal
Kwale,0,4.5,210,'Juuchini' Cottage,Coastal
Kilifi,1,4.5,291,Bianca e Pietro House,Coastal
Nairobi,0,2.0,300,Covenant Guest House - Entire House (5 rooms),City
Laikipia,0,2.0,300,Karisia Satellite Camp,Countryside
Kwale,1,3.0,214,Beautiful villa on Msambweni Beach,Coastal
Nairobi,0,3.0,282,Kaaz Fully Furnished Apartments,City
Machakos,0,3.0,300,Greenpark - Country Living within a Metropolus,Small Town
Kilifi,0,3.0,280,Paradiso Africa,Coastal
Nairobi,0,3.0,300,IL Nido Nairobi Lifestyle Apartment,City
Nairobi,0,4.0,150,Stunning 4 bedroom all en suite apartment.,City
Mombasa,0,4.0,160,A luxury 3 bedroom apartment NYALI,Coastal
Nairobi,0,4.0,150,A gem City!,City
Mombasa,0,4.0,150,D1 Shikara Apartments furnished 3 bedroom ensuite,Coastal
Kwale,0,4.0,180,Grace Holiday House,Coastal
Kwale,0,4.0,150,Blue water park villas #16,Coastal
Kilifi,0,4.0,145,"Luxury Villas Watamu, Kenya",Coastal
Nairobi,0,4.0,150,Cerenata Gardens Two Bedroom Serviced Apartment,City
Nyamira,0,4.0,180,A great country living all ensuite,Green Cities
Kilifi,1,4.0,150,Savannah,Coastal
Nairobi,2,4.5,155,Serviced Apartments,City
Mombasa,5,4.2,150,Sunset Paradise Vacation Home,Coastal
Nairobi,5,4.5,150,Stunning 4 bedroom duplex apartment,City
Nakuru,5,4.0,180,"Ecoscapes House, Korongo Bay, Lake Naivasha",City
Nairobi,0,2.0,150,Charming Serene Modern,City
Kilifi,33,2.0,151,Appartamento sull'oceano al piano terra,Coastal
Kwale,0,2.0,150,2 bedroom Villa Diani Beach,Coastal
Laikipia,4,3.0,180,"Villa Wild, Mount Kenya Wildlife Estate #12",Countryside
Laikipia,1,3.0,180,"Villa Wild, Mount Kenya Wildlife Estate #50",Countryside
Nairobi,4,4.5,150,A One Residence- Luxury Upmarket neighborhood.,City
Kajiado,0,3.0,180,Nairobi home away from home,Countryside
Nairobi,0,3.0,160,Two bedroom self-catering cottage.,City
Kilifi,0,3.0,180,Private Villa Kilifi,Coastal
Nyeri,3,4.5,150,Crystal Heights welcomes you home Nanyuki,Green Cities
Laikipia,4,5.0,168,"Villa Wild, Mount Kenya Wildlife Estate #48",Countryside
Mombasa,0,3.0,150,Swahili Gem Apartment 6,Coastal
Nakuru,6,3.0,175,Kararan...Inspired by Beauty,City
Kwale,4,3.0,162,Haiku House-Private peaceful gem Diani,Coastal
Kilifi,7,5.0,156,"Family beach house, stunning views",Coastal
Mombasa,5,5.0,150,Swahili Gem Apartment 1,Coastal
Nairobi,4,4.5,180,River House,City
Nairobi,8,4.5,175,4 bedroom bungalow set beautiful garden,City
Kilifi,13,5.0,170,Villa Albachiara Malindi,Coastal
Lamu,5,5.0,175,Bembea House -Shela Lamu,Coastal
Kajiado,15,5.0,170,Raha Mstarehe - joyful tranquility,Countryside
Nakuru,6,4.5,150,"Makuti Cottage, Green Park, Naivasha",City
Nairobi,5,4.0,120,Fedha Residences -Two bedroom apartment,City
Nairobi,0,3.0,125,Just like home,City
Kilifi,0,3.0,140,Comfy 2 bedroom apartment,Coastal
Nakuru,0,5.0,125,SEMA VILLA.,City
Kilifi,0,2.0,140,2 BEDROOM LUXURY HOLIDAY VILLA,Coastal
Mombasa,0,2.0,130,A prestigious beach home bamburi,Coastal
Nairobi,0,5.0,140,Cool ambience heart of Westlands,City
Nairobi,2,5.0,140,TWO BEDROOM VISTA,City
Nairobi,0,2.0,140,Contemporary 3 bedroom apartment,City
Nairobi,0,5.0,140,Exclusive Accommodation near UN,City
Nairobi,0,5.0,130,Cosy apartment near shoping malls.,City
Kilifi,2,5.0,140,"Blue Bay Cove, Apartment",Coastal
Nairobi,0,4.0,130,Skyview park 502,City
Lamu,0,4.0,140,Charming old-style Lamu town house,Coastal
Nairobi,2,4.0,120,FOURWAYS JUNCTION VILLA (WHOLE HOUSE),City
Nairobi,1,4.0,140,Two Bedroom Vista,City
Kwale,4,3.5,128,Baobab Villa Shambani,Coastal
Nairobi,0,4.0,140,Batians Peak Serviced Apartments,City
Kilifi,1,4.0,140,"Kuzi House, F92, Vipingo Ridge Golf Estate, Kenya",Coastal
Nairobi,0,4.0,125,Westlands Fully Furnished Serviced Apartments,City
Nairobi,4,4.0,139,Landmark Suites,City
Nairobi,4,5.0,133,Kileleshwa Flat - Peaceful & Bright - Your Home!,City
Kilifi,3,4.5,125,"Tulia - Bofa, R&R",Coastal
Kwale,4,5.0,120,WIMBI REEFS - Secluded comfortable beach house,Coastal
Kajiado,13,4.5,130,Scenic cosy cottage available now,Countryside
Kwale,12,5.0,140,Luxury Diani Beach Villa with pool,Coastal
Nairobi,6,4.5,130,King Post,City
Kwale,12,5.0,125,Topi Villa - Affordable luxury,Coastal
Nairobi,6,5.0,126,"Colobus Cottage on Rosslyn Lone Tree, Nairobi",City
Nairobi,3,5.0,160,MzuriSana Homes - Westlands Nairobi,City
Kwale,8,3.5,101,"Villa Holly, Diani Beach - kenya",Coastal
Nairobi,0,3.0,106,2bed cosy apartment state house ave,City
Nairobi,18,3.0,120,3 bedroom penthouse Nairobi,City
Nairobi,0,3.0,120,2brm(all ens)modern apart with lift,City
Nairobi,0,5.0,120,Comfy Homes,City
Kilifi,1,5.0,110,Your home away from home,Coastal
Kilifi,0,2.0,120,Zawadi Houses Malindi,Coastal
Kilifi,3,2.0,105,Wonderful villa Malindi,Coastal
Nairobi,0,5.0,120,2 bedroom duplex house - with Jacuzzi,City
Nyeri,0,5.0,120,Legacy Gardens,Green Cities
Nairobi,0,5.0,105,THREE BROOM SAFE APARTMENT,City
Kisumu,0,5.0,120,Gorgeous home with a classy touch!,Lakeside
Nairobi,2,4.0,116,Bright Spacious Apartment,City
Kwale,6,4.0,101,Villa Dora,Coastal
Nairobi,6,4.5,120,Geo Mara Luxury 2 Bdrm Westlands,City
Kajiado,0,4.0,120,Out of Town Gateaway house,Countryside
Nairobi,2,4.0,110,home away from home,City
Kisumu,0,4.0,120,Ridgepark Villas Kisumu,Lakeside
Kwale,3,5.0,105,"Villa Massai, privat pool, net",Coastal
Nairobi,0,4.0,115,Heri Heights Serviced Apartments,City
Kwale,1,4.0,110,Doric Cottages Diani,Coastal
Nairobi,0,5.0,120,Gramo Suites,City
Machakos,0,5.0,120,Athi River Getaway - Unit 2,Small Town
Nairobi,2,5.0,120,Westlands NBO Luxury Serviced 2BR/2Bath Apt w Pool,City
Nakuru,0,5.0,115,Pendeza homes,City
Kilifi,10,5.0,104,"Tikiti Maji, Watamu , Kenya",Coastal
Nairobi,0,5.0,105,Whitepearl,City
Kwale,3,4.0,101,A relaxing beach holiday cottage,Coastal
Nairobi,1,5.0,120,"Home away from home, Executive Homestay",City
Kwale,0,5.0,104,"Villa Maridadi, Msitu Kwetu",Coastal
Nairobi,0,4.0,105,Pearl furnished serviced apts,City
Taita Taveta,1,4.0,120,Kitani Safari Lodge,Town
Kilifi,1,4.0,116,"""MORINGA TREE"" villa at 300 mt from sea",Coastal
Nyeri,0,4.0,105,"Sunny, fresh air Nanyuki Homes",Green Cities
Nairobi,1,3.0,120,Relax exclusive Muthaiga guest house,City
Nairobi,0,3.0,120,Cozy get away Lavington.,City
Nairobi,1,3.0,105,SUPER ONE BEDROOM ONE BATHROOM APT,City
Kilifi,4,3.0,104,Villa a Watamu da 6 posti letto,Coastal
Kwale,1,3.0,117,Sonnie House: A Tranquil Experience,Coastal
Kilifi,4,5.0,105,Cagiugia on Indian Ocean,Coastal
Kilifi,0,3.0,116,VILLA SINGOLA WATAMU,Coastal
Nairobi,0,3.0,105,Into woods with a view,City
Kwale,2,5.0,111,villa lisa a villa away from home,Coastal
Kiambu,2,5.0,104,"Kivulini, off Kiambu Road",Town
Laikipia,1,5.0,120,Ol Pejeta Safari Cottages,Countryside
Kiambu,15,5.0,105,"Ridgeway's ART-Villa ""Puzir'ka"" - 4 br",Town
Nairobi,1,5.0,120,Courtyard at Vanga Road. #11,City
Kilifi,6,4.0,108,Swordfish Villas House n. 6,Coastal
Nairobi,10,4.5,110,Aden Valley Serviced Apartments,City
Laikipia,4,5.0,117,Spacious home near Mount Kenya,Countryside
Kwale,15,5.0,110,Real treat paradise!,Coastal
Nakuru,14,5.0,120,A bungalow a private wildlife conservancy,City
Kajiado,134,5.0,105,"Private Safari Camp, Amboseli",Countryside
Laikipia,25,5.0,119,Mawe Mingi Bush House,Countryside
Kilifi,35,4.5,116,Wonderful home Watamu,Coastal
Kwale,45,5.0,112,A secluded private escape,Coastal
Nairobi,3,4.5,90,Great apartment Yaya area.,City
Mombasa,3,4.0,87,Apartment with a view Nyali close everything,Coastal
Kwale,3,5.0,90,"DIANI BEACH, ZANIA VILLA 2BDR - 2 mins beach",Coastal
Machakos,3,2.5,100,Modern 2 BD with free airportpickup,Small Town
Nairobi,5,5.0,100,2/3 bedroom apartment fully Furnished,City
Nairobi,4,5.0,87,great apt w spacious sunny balcony,City
Laikipia,20,4.5,127,A beautiful house Ol Pejeta,Countryside
Nakuru,21,5.0,130,Charming cottage with garden,City
Kwale,4,5.0,130,Stylish Villa III only 200 mt white sand beach,Coastal
Kwale,3,5.0,130,"Tiwani Cottages, a secret oasis.",Coastal
Nairobi,3,4.0,100,2 or 3 Cosy bedrooms fully furnished apartment,City
Laikipia,0,4.0,81,"Beautiful Apartments near Mt. Kenya Fairmont, Nki.",Countryside
Nyeri,2,3.0,100,Kidogo Mazinaw Cottage,Green Cities
Nakuru,0,3.0,100,Charming holiday cottages,City
Kwale,0,3.0,90,Beachfront accommodation Diani,Coastal
Nairobi,6,4.0,100,"Exclusive , modern apartment tastefully furnished",City
Nairobi,4,5.0,89,"Secure & spacious Apt., Washer/Dryer, Maid",City
Kajiado,11,4.5,100,Silole Cottage,Countryside
Kilifi,5,4.5,94,Scandinavian Villa,Coastal
Kilifi,6,5.0,82,Beatiful Home Watamu,Coastal
Nairobi,9,4.5,100,2 Bedrms furnished apmt(Yaya Brooks),City
Kwale,21,4.5,99,"Amani Luxury Apartments,Diani Beach",Coastal
Nairobi,3,4.5,100,Cosy Bungalow Spring Valley,City
Nairobi,7,4.5,98,STANDARD ONE BEDROOM,City
Kilifi,8,5.0,99,Green Malindi Luxury Apartment,Coastal
Nairobi,20,5.0,100,"Apartment, 24/7 security, Wifi,Yaya",City
Nairobi,3,4.5,89,Fully Serviced Apartment -Westlands,City
Kwale,15,4.5,99,Amani Luxury Apartments Diani,Coastal
Kilifi,5,5.0,82,AJABU NYUMBA Villa with pool 300mt from sea,Coastal
Kilifi,3,4.5,84,Gorgeous villa with pool Malindi,Coastal
Kwale,6,4.0,99,Villa Sunshine für bis zu 6 Pers.,Coastal
Kiambu,10,5.0,85,"Edenville, Serene 5 bedroom townhouse",Town
Nairobi,5,4.0,90,Deluxe Studio,City
Nairobi,6,4.5,95,"cosy 2brm apartment, great location",City
Lamu,8,5.0,100,"White House, Lamu",Coastal
Kwale,15,5.0,91,Private peaceful gem Diani,Coastal
Kilifi,11,4.5,87,NYUMBA YA MASHAZA Coral abode Wa,Coastal
Nairobi,13,5.0,100,"Cosy Bungalow, Breakfast & Wi-fi near Yaya Mall",City
Nairobi,19,5.0,100,Fabulous 3 bedroom apartment - Lavington/Kilimani.,City
Nairobi,3,4.5,90,King Post,City
Kajiado,3,4.5,95,Glass House @ Kitengela Glass Art,Countryside
Kisumu,4,4.0,98,Beautiful Bungalow with Lake view,Lakeside
Kilifi,15,5.0,82,"close sea, Watamu",Coastal
Nairobi,13,4.5,86,3 bedroomed house with own compound,City
Kwale,4,4.5,86,"Villa Soleil with pool, whirlpool,staff,near beach",Coastal
Mombasa,18,4.5,94,Luxury 4 Bedroom Penthouse Apartment,Coastal
Nairobi,17,5.0,84,bedsit,City
Nairobi,15,5.0,93,Cottage heart of karen,City
Laikipia,23,5.0,100,Self Catering Cedar Cottage,Countryside
Nairobi,18,5.0,89,"Bright, elegant penthouse",City
Nairobi,5,4.5,85,Treehouse at Ngong House on 4ha of nature. Karen,City
Nairobi,28,5.0,99,"Class, Convenience Comfort",City
Kwale,24,5.0,99,Beat's Hideaway,Coastal
Kwale,28,5.0,98,Villa Palms m. Privatpool Diani,Coastal
Kilifi,28,5.0,87,Magical Watamu House w/Lagoon Views,Coastal
Kisumu,3,4.5,80,Sunset Place - Kisumu,Lakeside
Nairobi,8,4.0,100,3 Bedroom Apartment with pool,City
Nairobi,4,5.0,57,Peaceful garden cottage,City
Nairobi,3,4.5,55,Newly Furnished 2br Apartment Westland,City
Nairobi,4,5.0,44,2 Bedroom 3 Bath Comfortable & Cozy,City
Nairobi,3,5.0,60,ELTOM home-Entire 3-Bedroom Apartment Kilimani,City
Nairobi,7,4.5,50,Furnished Apartment Nairobi,City
Nairobi,11,4.0,60,3 Bedroom Duplex Apartment,City
Nairobi,5,4.5,57,Lake View Studios - Nakuru Studio,City
Nairobi,6,4.5,80,NEXT NAKUMATT JUNCTION ON RIARA ROAD,City
Nairobi,3,4.5,80,Homely Furnished Apartment,City
Nairobi,26,4.5,70,Bright Spacious Penthouse,City
Nairobi,3,4.0,80,2 BEDROOM PENTHOUSE APARTM AT YAYA,City
Nairobi,3,4.5,79,House Spring valley a serene environment,City
Nairobi,16,4.5,69,2 Bdrm Apartment near JKIA Airport,City
Nairobi,7,5.0,69,Spacious 4 bedroom Apartment.,City
Nairobi,10,5.0,65,One bedroom flat Westlands,City
Nairobi,3,5.0,70,Cozy 1 bedroom fully furnished serviced arpt,City
Nairobi,4,5.0,72,"Huge 4 Bed Apt, Yaya, Amazing Views, Bright, Airy",City
Nairobi,5,5.0,69,Spacious well equipped appartement,City
Nairobi,17,5.0,65,Samaritan homes..warm spacious apartment..for you!,City
Nairobi,18,5.0,70,"Spacious, comfortable fully serviced oasis",City
Nairobi,4,5.0,75,African Lily Cottage,City
Mombasa,4,4.5,70,Molly Villa Nyali. Standard Apt,Coastal
Nairobi,9,5.0,65,Cosy 3 Bed Furnished Apartment - Family Friendly,City
Nairobi,14,5.0,70,"Bamboo Cottage, Langata",City
Nairobi,9,4.5,75,Kileleshwa STUDIO - Self-contained,City
Nairobi,19,4.5,64,"Serene & private 1 bed Studio, Karen",City
Nairobi,3,4.5,75,Cozy 2BD with Pool Gym & Restaurant,City
Nairobi,3,4.5,65,2 Br Furnished Apartment Nairobi,City
Nairobi,3,3.5,70,3 bedroom furnished apartment at Peace Court,City
Kisumu,4,4.0,80,Furnished apartment let Kisumu City,Lakeside
Nairobi,7,5.0,65,One bedroom apartment Lavington,City
Nairobi,4,5.0,80,Hardy House - Private Guest Cottage,City
Nairobi,5,4.5,70,"Spacious house, tranquil setting",City
Nairobi,0,4.0,80,Private 3 bed apartment with elegance,City
Nairobi,0,5.0,70,Amazing furnished Apartment,City
Kwale,5,5.0,76,Roseville Diani,Coastal
Kisumu,9,4.5,65,"Okolo House, Lake Victoria, Kenya",Lakeside
Lamu,5,5.0,78,Beautiful banda stunning 2 acres,Coastal
Mombasa,4,5.0,75,Purple Rose Nyali Apartment No. PR 11,Coastal
Nairobi,4,5.0,70,Spacious family home near JKIA,City
Kwale,7,4.5,70,Dianibreeze villa 3,Coastal
Nairobi,9,4.5,80,"Cute, family-friendly apartment Westlands",City
Nairobi,3,4.5,65,Tausi Apartments westlands Nairobi,City
Nairobi,5,4.0,75,Fully furnished 1br(1-11) 2br(15-23) apts,City
Kilifi,3,4.5,70,COCONUTS HOME villa at 300 mt from sea,Coastal
Nairobi,13,4.5,80,King Post,City
Kwale,15,4.0,68,"Upani Diani Beach Vacation Home, Private Luxury",Coastal
Nairobi,25,4.5,80,Beautiful 3 B/rm Furnished Apt Kileleshwa NRB,City
Kwale,9,5.0,70,"Sea Front Apartment Diani,",Coastal
Nairobi,3,5.0,75,Spacious modern 2bd flat at Garden City Village,City
Kwale,11,4.5,80,Simba Cottage Shambani,Coastal
Nairobi,11,5.0,69,Beautiful 3-bedroom apartment near Junction,City
Kwale,9,5.0,65,One bedoom cottage 200 meters from sea,Coastal
Nairobi,10,5.0,75,Cosy Apartment by Valley Arcade,City
Meru,11,5.0,64,Cottage with Mt Kenya View,Town
Kwale,3,5.0,64,Beautiful decorated housing heart of Diani,Coastal
Nairobi,8,5.0,75,"Theta Place Kilimani , Nairobi",City
Kwale,7,5.0,70,Garden House,Coastal
Kilifi,15,5.0,69,"Top Beach-Bungalow., 2Pers, Breakfast, Pool.",Coastal
Nairobi,11,4.5,70,"Sunny, family-friendly, modern",City
Nairobi,9,4.0,65,"Free Parking,wifi & fully furnished",City
Meru,10,5.0,70,Charming Colonial Farm House.,Town
Nairobi,44,4.5,68,Brand New Aprtmnt. Central Location,City
Kwale,20,5.0,65,"Villa Baobab mit Privatpool,AirCon,Diani Beach",Coastal
Nairobi,6,5.0,70,Large 3 bed Apartment! Best Location Nairobi!,City
Kisumu,7,4.5,65,white hill villa kisumu,Lakeside
Nairobi,10,5.0,75,Contemporary city apartment,City
Nairobi,5,5.0,70,Quiet Creative House Near Giraffe Center,City
Kajiado,19,5.0,80,"Views, Wildlife Sunsets at Castle",Countryside
Nyandarua,10,4.5,65,"SAMAWATI RUSTIC VALUE CHALETS, LAKE OL'BOLOSSAT",Green Cities
Nairobi,35,5.0,80,Modern 2BD upmarket Riverside,City
Nairobi,46,5.0,69,Ngong Road 3bed near Junction Mall Hub!,City
Kwale,19,5.0,79,Sukuma Guest House,Coastal
Kajiado,78,5.0,70,Olomayiana Private Bush Camp,Countryside
Nairobi,35,5.0,71,Charming Private Suite Muthaiga,City
Nairobi,65,5.0,80,Brandy Bus - Renovated Bus Quiet Paradise,City
Nairobi,5,5.0,43,3 Bedroom 1 & 1/2 bath Apartment South C,City
Nairobi,14,4.5,60,Home away from home 2Bd Rm Apt,City
Nairobi,8,4.0,60,Two bedroom furnished kilimani-yaya,City
Nairobi,13,5.0,55,"Secure, cosy 2BD apartment with a gym parking.",City
Nairobi,15,4.5,50,Close Nakumatt Junction With a Pool,City
Nairobi,3,5.0,58,Spacious Westlands Apartment with Pool,City
Nairobi,5,5.0,45,New & fully furnished 2 bedroom apt - Riara Road,City
Nairobi,56,5.0,50,Cosmopolitan Studio Apartment B,City
Nairobi,0,5.0,50,KITISURU Horizons,City
Nairobi,1,4.0,60,2 BEDROOMED SERVICED APARTMENT CLOSE AIRPORTS,City
Nairobi,51,4.0,50,Cosy Westlands Apartment,City
Nairobi,7,5.0,48,Quiet Westlands Guesthouse,City
Nairobi,25,4.5,47,3 BEDROOM FURNISHED APARTMENT WESLANDS - TA,City
Nairobi,16,4.5,55,"Geo Mara, Wood Park Ave Apts 34",City
Nairobi,17,4.5,58,Renovated Studio,City
Nairobi,9,5.0,50,Furnished 2 bedroom apartment let Westlands,City
Nairobi,28,5.0,50,Your home Nairobi,City
Nairobi,3,5.0,48,GITANGA A TWO PLACE,City
Machakos,0,4.0,50,Manzonni house,Small Town
Kwale,2,4.0,50,Two Bedroomed,Coastal
Kwale,0,5.0,50,It's a nice friendly house,Coastal
Kiambu,1,5.0,42,Fully furnished houses Thika,Town
Machakos,1,5.0,50,Serene area next airport nairobi,Small Town
Mombasa,2,5.0,55,Sunset Paradise-Kalahari,Coastal
Machakos,0,5.0,45,Jomo kenyatta Nest,Small Town
Kilifi,0,3.0,41,Malindi terrace,Coastal
Nairobi,0,3.0,48,Sweet HomeStay,City
Kwale,1,3.0,42,"Kombe House, Diani Beach, Kenya",Coastal
Machakos,0,4.0,48,SWEET HOME STAY,Small Town
Kiambu,0,4.0,48,LANDLESS THIKA,Town
Kilifi,13,4.5,55,Watamu 2 bedroom cottage,Coastal
Kilifi,7,4.5,60,Beach pool family house Malindi,Coastal
Machakos,22,4.5,48,Apartment near airport -Nairobi,Small Town
Kwale,6,5.0,41,"Apartment at Villa Palmera, Diani",Coastal
Kwale,4,4.0,60,Tropical serene African home,Coastal
Mombasa,3,4.5,45,Cosy 1 bedroom a gated community,Coastal
Kwale,5,4.5,45,Blue Monkey Beach Cottage 3,Coastal
Mombasa,3,4.5,60,"1 bdrm apartment, 5 minutes walk beach",Coastal
Kilifi,4,5.0,58,Swordfish Villas House n. 9,Coastal
Kwale,7,4.5,58,Villa Tumbili - Diani,Coastal
Kwale,3,3.5,45,Shalom cottages Diani (Peaceful tranquil ),Coastal
Mombasa,5,5.0,55,Barizi Cottage,Coastal
Mombasa,8,4.5,50,SANDPOINTE,Coastal
Kilifi,3,5.0,58,Swordfish Villas House n. 1,Coastal
Kilifi,3,4.5,58,Swordfish Villas House n. 8,Coastal
Mombasa,9,4.5,50,"Shanzu apartment with stunning ocean, sunset view",Coastal
Kwale,9,4.5,52,Twiga Cottage Shambani,Coastal
Kisumu,6,4.5,60,Cozy Town Apartment Kisumu,Lakeside
Nairobi,10,4.5,50,Ngong Road 1bed near Junction Mall!,City
Kilifi,0,4.0,64,Oliver House,Coastal
Nakuru,1,4.0,70,Bilashaka Lodge,City
Uasin Gishu,0,5.0,66,Serenity House,Small Town
Uasin Gishu,0,5.0,65,Ridge Apartments,Small Town
Laikipia,8,4.5,72,Laikipia Safari Camp Cottages,Countryside
Nairobi,6,4.0,70,Lovely1 Bedroom fully furnished apt,City
Nairobi,6,5.0,65,Splendid 3 bed modern apart Lavi,City
Nairobi,3,5.0,65,Geo Mara Luxury 2 Bed Room Kilimani,City
Nairobi,0,5.0,70,Thika road Executive Apartments,City
Nakuru,0,4.0,80,Fulfilling Family or individual,City
Nairobi,0,4.0,70,Favor Guest House,City
Nairobi,0,4.0,70,Muringa grove apt C1,City
Nairobi,0,4.0,80,Super Excellent Flat,City
Kilifi,9,4.5,78,Exclusive 2 Bedroom Guest House with Pool,Coastal
Kwale,9,4.5,70,Serene cottages near Diani Beach,Coastal
Nakuru,5,5.0,65,Greenpark Naivasha Guest House,City
Kwale,4,4.5,65,Coco-nut palm diani,Coastal
Kisumu,0,4.0,70,Charming spacious private homely comfort,Lakeside
Nairobi,7,4.5,76,Cosy Apartment Leafy suburbs,City
Nairobi,3,4.5,43,NEW!!ZANA WESTGATE perfect location,City
Machakos,4,4.5,45,Geo Mara Airprt Express - Gateway,Small Town
Nairobi,6,4.0,60,Cozy 2 Bedroom by all amenities,City
Nairobi,42,4.5,60,Cosmopolitan 2 BR Apartment A,City
Nairobi,3,5.0,46,One Bedroom Apartment near Airport,City
Nairobi,5,4.5,60,Ngong Road 2bed near Junction Mall Hub!,City
Nairobi,3,4.0,43,2 bedroom apartment Nairobi gated community,City
Kiambu,4,5.0,45,Your cosy home away from home,Town
Nairobi,4,4.5,60,Cozy two bedroom. Sleeps 5 adults,City
Nairobi,5,5.0,50,Karibu Nairobi Nyumbani☺,City
Mombasa,14,4.5,48,Three Bedroom House - Myra,Coastal
Mombasa,10,5.0,45,Cute apartment home away from home,Coastal
Nairobi,5,4.5,55,Cosy Kileleshwa Apartment,City
Nairobi,13,5.0,54,Pendo - comfort/convenience near JKIA Airport.,City
Nyeri,10,4.5,43,Shamba Bed & Breakfast - Karibu!,Green Cities
Kisumu,8,4.5,49,kisumu terrace apartments,Lakeside
Nairobi,3,5.0,56,2 bdrm penthouse apartment with large terrace,City
Nairobi,3,3.5,55,2 bedroom Apartment with pool gym,City
Kwale,4,4.5,45,oceanvillas diani southcoast nr msa,Coastal
Kwale,5,4.5,45,African Dream Cottages,Coastal
Nairobi,3,4.5,60,Lovely Westlands Apartment,City
Nairobi,4,4.0,49,NAIROBI-Opp.Runda-UN security approved residential,City
Nairobi,12,4.0,58,"COSY 2 BEDROOM FLAT PARKLANDS,NAIROBI",City
Kilifi,7,4.5,41,..:::Appartamento a Malindi:::..,Coastal
Nairobi,21,4.5,60,LOW COST STUDIO,City
Nairobi,4,5.0,60,Stylish fully furnished 2 bedrooms Kilimani,City
Nairobi,4,5.0,60,Cosmopolitan 3BR Apartment A - Kilimani,City
Nairobi,5,3.5,58,Refurbished Studio Apartment,City
Nairobi,5,4.5,58,Sunny Lavington apartment,City
Nairobi,5,4.5,50,Modern Apartment with City View,City
Nairobi,16,5.0,60,Serene apartment quiet compound close UN,City
Kwale,3,4.5,41,Malaika Villas,Coastal
Mombasa,5,4.5,50,Family Friendly Apartment Close Beach,Coastal
Nairobi,8,5.0,60,2bedroom furnished kilimani Nairobi,City
Kisumu,5,4.5,49,D&D Homestay,Lakeside
Nairobi,24,5.0,60,Charming 2 bedroom guest cottage,City
Nairobi,9,5.0,50,Garden Gem Central Nairobi,City
Nairobi,6,4.5,52,Cosmopolitan 1 BR Apartment,City
Nairobi,9,4.5,60,Cosmopolitan 2BR Apartment B,City
Kwale,6,4.5,55,Sukuma Studio House,Coastal
Lamu,3,4.5,50,"Seafront Guesthouse, Somoye Room",Coastal
Nairobi,16,4.5,59,COSY MODERN APARTMENT KILELESHWA,City
Nairobi,4,5.0,55,Spacious 1br fully furnished apartment,City
Nairobi,28,4.5,50,Spacious Cozy 3 Bed Apt & Office,City
Nairobi,12,5.0,48,Home Away From Home,City
Nairobi,48,4.5,52,Cosmopolitan Studio Apartment C,City
Nairobi,16,5.0,54,Beautiful apartment Kilimani.,City
Kwale,4,5.0,45,Mbuyu Treehouse,Coastal
Mombasa,4,4.5,50,"Mango Tree Apartment, Mombasa , Kenya.",Coastal
Nairobi,35,4.5,50,2 Bedroom Apartment Westlands,City
Kilifi,13,4.5,58,Welcome 'Nyumba Ebenezer',Coastal
Nairobi,24,4.5,54,Geo Mara Penthouse Lavington + CAR,City
Nairobi,8,4.5,46,"Sapphire Apartment-cozy,furnished 2BR kilimani",City
Nairobi,22,5.0,53,BEAUTIFUL 4 BEDROOM JUNCTION MALL APARTMENT,City
Kwale,15,4.5,58,Tembo Cottage Shambani,Coastal
Nairobi,3,4.5,45,*Comfy 2 bedroom ensuite* close everything,City
Nairobi,19,5.0,47,COSY One bedroom WESTLANDS.,City
Kwale,8,4.5,45,"Frangipani Cottages ""Mnazi""-House",Coastal
Nairobi,3,4.5,50,Quiet Serene House,City
Nairobi,17,5.0,50,Homely Villa Karen,City
Nairobi,46,4.5,42,Kileleshwa Apartments,City
Nairobi,14,4.5,45,"Cosy 1 Bedroom Apartment, Upperhill",City
Nairobi,6,5.0,55,"Cacahomez 2, heart of Westlands.",City
Nairobi,4,5.0,49,Comfortable Furnished Royal Apartment,City
Nairobi,106,4.5,52,Cosmopolitan Studio Apartment A,City
Nairobi,9,4.5,50,Homely Nest,City
Nairobi,12,5.0,45,One bedroom apartment Westlands,City
Nairobi,8,4.5,45,"Cozy 1BR,amazing views of Westlands",City
Kiambu,3,4.5,47,"Mylily Farm, Limuru",Town
Nairobi,6,5.0,58,"Mukima House, Marula Lane, Karen",City
Nairobi,22,5.0,52,Luxurious Junction Mall Apartment,City
Nairobi,6,4.0,60,Gorgeous tree house westlands,City
Mombasa,5,5.0,55,Mawimbi Cottage,Coastal
Nairobi,10,5.0,49,Homely 1 bed Apartment next Yaya Centre Nairobi,City
Nairobi,4,4.5,47,Modern apartment with gorgeous swimming pool,City
Nairobi,6,5.0,40,Homely Homes Kileleshwa,City
Nairobi,17,5.0,38,Cosy Garden Cottage / House,City
Nairobi,9,4.5,25,"Affordable, homely Guest wing Kilimani",City
Kilifi,3,5.0,58,Simba House Watamu Kenya (50 euro room/night),Coastal
Nairobi,3,4.5,40,Westlands Cozy Apartment,City
Nairobi,4,5.0,40,Apartment on Riara Rd with a nice view,City
Nairobi,19,5.0,49,Beautiful rustic-style furnished 1bed apt,City
Nairobi,8,5.0,45,lofts...great living views...,City
Kilifi,10,4.5,42,rent chalet front of sea peacefull place,Coastal
Kilifi,9,5.0,50,Dabaso Cottage,Coastal
Nairobi,24,4.0,41,Serene & Secure Westlands - Central Malls,City
Kwale,16,5.0,58,sultan saka house,Coastal
Nyeri,6,5.0,50,Naro Moru D,Green Cities
Nairobi,15,5.0,53,"Cool, Secure Spot Westlands",City
Nairobi,23,4.5,55,"Geo Mara, Wood Ave Park Apt 31",City
Nairobi,4,5.0,48,"Hibiscus House, Marula Lane, Karen, Nairobi.",City
Nairobi,11,5.0,50,Kombo Cottage,City
Nairobi,26,4.5,45,Amazing waterfall view ....,City
Nairobi,8,4.5,49,"Cosy Spacious 1 Bed Apt, Yaya Centre, Kilimani",City
Nairobi,7,5.0,50,Spacious Luxury Apartment with A Garden.,City
Nairobi,7,5.0,50,"2 Bdrm Modern Apt w/Open Layout, Pool & House Help",City
Nakuru,3,5.0,43,Enkuso Ntelon - Naivasha Malewa Retreat,City
Nairobi,21,5.0,49,River Cottage - Create unique experiences,City
Nairobi,28,4.5,45,Airwaves home Adams,City
Nairobi,35,5.0,55,Turaco Cottage Nairobi Kenya,City
Nairobi,50,5.0,55,Airwaves Home Woodley,City
Nairobi,47,5.0,52,Cosy 3BD House Yaya Area Kilimani,City
Nairobi,44,5.0,60,An Irish welcome Karen,City
Nairobi,43,5.0,59,BEAUTIFUL APARTMENT NEAR YAYA MALL,City
Nairobi,40,5.0,60,A tranquil 3 bedroom home,City
Nairobi,49,5.0,50,Cosy Guest House Beautiful Spring Valley,City
Nairobi,43,5.0,55,Cozy apartment Upper Hill Nairobi,City
Nairobi,40,5.0,55,Ngong Road Penthouse Suite,City
Nairobi,44,4.5,52,Located a Serene Environment,City
Nairobi,37,4.5,45,Love where you live! Apartment.,City
Kwale,21,5.0,38,Blue Monkey Beach Cottage 2,Coastal
Nairobi,7,5.0,37,Spacious 2 bedroom apartment,City
Nairobi,7,4.5,20,Beautiful house/rooms - perfect tourism location,City
Nairobi,15,5.0,40,LORESHO HOUSE * Cottage Annexe 1,City
Nairobi,24,5.0,33,Guest wing of a family home on a spacious garden,City
Nairobi,5,4.0,35,Ambient 2bed 2bath near airport town,City
Nairobi,4,4.0,40,Entire Apartment near UN nairobi,City
Nairobi,9,4.5,37,"Comfortable, Convenient, Budget",City
Nairobi,4,3.0,30,2 Bed Furnished Appt Close JKIA.,City
Nairobi,6,5.0,23,Cosy guesthouse Upperhill : ),City
Kiambu,3,5.0,25,One Bedroom Apartment-Entire Place.,Town
Nairobi,10,4.5,40,Spacious Penthouse Apartment Westlands,City
Nairobi,4,5.0,40,Cozy Two Bedroom Apartment - Home away from home,City
Nairobi,3,5.0,30,Serene enviroment,City
Nairobi,3,4.5,40,"Penthouse,Olive gardens,Hatheru road,Lavington,NRB",City
Kajiado,4,5.0,15,Acacia wood home leafy suburb,Countryside
Nairobi,3,4.5,40,Cozy 2BD apartment fully furnished,City
Nairobi,4,4.0,35,2 Bedroom Apt. Westlands with Master en-suite,City
Nairobi,6,4.5,30,Karen Bomas Inn,City
Narok,3,5.0,18,Amazing comfortable house near Mara,Countryside
Nairobi,3,4.5,12,"Warm Dsq, great secure place a night walk",City
Nairobi,11,5.0,22,Cozy Roof Top Apartment close Town & Airport,City
Nairobi,18,4.5,20,Cosy Furnished Studio Apartment Nairobi's CBD,City
Nairobi,20,4.5,20,Furnished Studio Apartment Central Nairobi,City
Nairobi,39,4.5,38,LAVINGTON LOVELY APARTMENT,City
Nairobi,130,5.0,37,"Delightful home, near JKIA airport",City
Mombasa,3,4.5,40,Charming comfy Apartment,Coastal
Kilifi,12,4.5,23,Mtwapa holiday home,Coastal
Kwale,3,3.5,40,Villa Saprex,Coastal
Machakos,4,3.5,33,Evan Sunset Boulevard,Small Town
Taita Taveta,8,4.0,22,Voi Lutheran Guesthouse,Town
Mombasa,7,4.5,20,Cozy private apartment Nyali,Coastal
Kwale,8,4.5,27,Upani Holiday cottage 300m beach,Coastal
Kilifi,6,5.0,40,NDONYA KWETU,Coastal
Mombasa,4,4.5,40,Savannah Cottages-Shellybeach Road-Mombasa,Coastal
Kwale,6,5.0,27,"Central, 5 minutes beach golf, Umbi Complex",Coastal
Mombasa,7,5.0,36,Modern Studio next Pool,Coastal
Kwale,4,5.0,34,Banda Porrini - Island Bush Hut,Coastal
Kwale,7,4.5,31,beautiful cottage near beach,Coastal
Mombasa,10,4.0,28,Practical Bedsitter,Coastal
Mombasa,17,4.5,34,Mombasa holiday villas,Coastal
Kwale,8,5.0,20,Delina cottage diani,Coastal
Kwale,23,5.0,23,"Frangipani Cottages ""Mnazi II""",Coastal
Kisumu,10,4.0,38,Furnished apartments let-Kisumu,Lakeside
Uasin Gishu,10,5.0,38,Sneed's Guesthouse,Small Town
Nakuru,6,4.0,18,Homely gueshouse Nakuru suburbs,City
Uasin Gishu,0,4.0,10,kenya village life at Kapkoi near eldoret,Small Town
Busia,1,4.0,15,Mission House quiet Amagoro,Town
Nakuru,0,4.0,35,Tranquil setting heart of nakuru,City
Kisii,0,3.5,20,Mzee Moja Cultural Center,Town
Nakuru,0,3.5,12,Farm Cottage near Nakuru,City
Kisumu,1,5.0,35,Serene Serviced Apts by lake,Lakeside
Kisumu,0,4.0,40,Maboko Island Resort- Camp Tom,Lakeside
Uasin Gishu,4,4.0,12,"Salient Guest House, Eldoret",Small Town
Keiyo-Marakwet,2,4.0,24,"Rustgevende, uniek gelegen vakantiewoningen",Countryside
Uasin Gishu,2,4.5,23,Nefer Gardens,Small Town
Nairobi,7,5.0,30,Modern Flat Stellar Location,City
Nairobi,10,4.5,33,Cosy Fully furnished Kilimani apartment.,City
Kiambu,0,5.0,25,Newly finished Elegantly furnished 1 bedroom,Town
Kiambu,0,5.0,25,GARDEN OF EDEN RETREAT CENTRE.,Town
Nairobi,2,4.5,40,Brand New Studio Near UN Headquater,City
Nairobi,0,5.0,23,Epitome of a Lite Living!!!,City
Nairobi,1,5.0,40,One bedroom apartment Westlands.,City
Nairobi,21,4.5,40,1 bedroom apartment School Lane- Westlands,City
Kiambu,0,4.0,35,Serene Spacious Apartment,Town
Nairobi,0,4.0,35,Serene home at top of hill,City
Kajiado,0,4.0,35,"Eco Kasasi Suites, Home Living Away from Home",Countryside
Nairobi,0,4.5,35,Cozy fully furnished serviced apartment Nairobi,City
Nairobi,0,5.0,25,Tranquil cosy one bedroom house,City
Nairobi,14,4.5,30,Accomodation near JKIA Airport,City
Nairobi,3,4.5,22,"Royal Apartments, Westlands Nairobi",City
Machakos,0,5.0,40,Cozy home @ Loneview Apartments 10mins from JKIA,Small Town
Machakos,1,5.0,35,Nairobi Airport Homestay (Near SGR Train Station),Small Town
Machakos,1,4.0,31,Lifestyle house,Small Town
Nairobi,0,4.5,28,Family-friendly cosy apartment,City
Kajiado,0,5.0,33,mercy's guest house( Holiday home kitengela),Countryside
Machakos,0,5.0,40,Green City Gardens,Small Town
Kiambu,1,3.0,29,Penthouse Apartment,Town
Nairobi,0,3.5,30,Cosy One bedroom apartment,City
Kiambu,0,5.0,25,Bedsitter furnished,Town
Nairobi,0,4.0,35,Stylish One bedroom apartment,City
Nairobi,0,2.0,35,"Green, cosy one bedroom apartment",City
Nairobi,0,5.0,40,Looking a serene place? Look no further...,City
Kajiado,0,5.0,30,Experience Exquisite Living at Lacasa.,Countryside
Nairobi,1,5.0,34,Cosy new one bedroom appartement,City
Nairobi,0,4.0,14,Bamboo & Birds Cozy Cottage,City
Nairobi,4,4.0,40,Tastefully furnished 3-bedroom,City
Nairobi,0,4.0,27,"Guest wing, Runda near Karura Forest.",City
Nairobi,0,5.0,27,Guest House Runda,City
Kiambu,0,5.0,13,THINGIRA RIDGE HEIGHTS TIGONI,Town
Kiambu,0,4.0,22,Two Bedroom Fully Furnished,Town
Nairobi,0,4.0,35,Family friendly home / Short & Long term visitors,City
Nairobi,8,4.5,40,"2 bedroom apartment clean, secure near airport",City
Nairobi,0,4.0,35,Two bedrooms two double bed each bathroom,City
Nairobi,0,3.0,19,ONE Bedroom + private garden,City
Kiambu,0,3.0,22,Tranquility of a village a city,Town
Nairobi,0,3.0,35,cozy guest house new kitisuru,City
Kiambu,2,4.0,40,"Geosophy's Holiday Home. Cosy,Serene,Farm Cottage",Town
Nairobi,0,4.0,30,Pleasant house garden setting,City
Nairobi,2,4.0,30,Modern apartment,City
Nairobi,0,4.0,40,"Maisonette Hera-Quiet, cozy home near JKIA airport",City
Nairobi,0,4.0,31,"Homehouse at Valley Arcade, Lavington",City
Nairobi,0,4.0,25,Awesome Gateway along Mombasa road,City
Nairobi,20,4.5,40,Charming Bed Sitter Apartment,City
Nairobi,0,4.0,15,bobbys,City
Nairobi,0,5.0,40,Affordable cozy two bedroom apartment,City
Nairobi,0,5.0,30,B&W Cosy one bedroom apartment,City
Nairobi,0,5.0,25,Kims parlour,City
Nairobi,1,5.0,26,"Sojourners Loft, next JKIA",City
Nairobi,7,4.5,40,Rosslyn Studios- 10 Minutes from UN,City
Nairobi,7,4.0,29,EMS South Cosy 2Bedroom with parking,City
Kiambu,0,5.0,35,Entire Apartment with serenic view,Town
Nairobi,7,5.0,31,Cozy Apartment Next Park,City
Nairobi,1,3.0,30,Private studio kilimani,City
Nairobi,5,4.0,30,Airport Neighbour 3beds Apartment,City
Nairobi,0,3.0,33,Modish 1BD apartment next TRM.,City
Nairobi,1,3.5,22,One bedroom apartment westlands,City
Kiambu,0,3.5,18,1 Bedroom Fully Furnished,Town
Nairobi,1,4.5,26,Comfy Penthouse with WiFi,City
Nairobi,21,4.5,40,Cosy 2bedroom furnished westlands Apartment,City
Nairobi,1,2.5,16,Studio flat,City
Nairobi,6,4.5,30,"SPACIOUS 3BD,2BR APT, AMAZING VIEW.",City
Nairobi,1,3.5,36,Diamonds Apartment,City
Nairobi,3,4.5,40,Kileleshwa home away from home,City
Nairobi,32,4.5,40,"2 bedroom apartment, sleeps 4",City
Kiambu,0,4.0,32,Fully Furnished Modern Apartment,Town
Kiambu,0,4.0,18,One Bedroom Fully Furnished,Town
Kajiado,0,4.0,40,Deluxe apartment Karen little paradise,Countryside
Nairobi,0,5.0,30,Beautiful Nairobi apartment,City
Kiambu,0,3.0,25,Beautiful One Bedroom Fully Furnished,Town
Nairobi,0,3.0,25,Private cosy 2 bedroom bungalow,City
Nairobi,14,4.5,25,"Beautiful, safe homely apartment",City
Nairobi,0,5.0,30,One bedroom fully furnished Westlands aprtment,City
Kiambu,0,5.0,30,An Awesome Two Bedrooms Fully Furnished,Town
Kiambu,1,5.0,25,BEAUTIFUL COUNTRY HOME,Town
Nairobi,2,5.0,28,Apartment 6 - DAC Building,City
Kajiado,0,5.0,10,"PEC Nature Camp, Ngong Hills",Countryside
Nairobi,16,5.0,35,2 bd 2.5 bath apt ctrl Lavington,City
Nairobi,0,4.0,33,A practical charming 2BDR nest,City
Nairobi,4,4.0,35,KANDIZ STUDIO APARTMENT,City
Kisumu,0,3.0,25,"Mesh's Apartment, a home away from Home!",Lakeside
Nakuru,9,4.5,15,Mama Muigai Crater Point,City
Kisumu,4,3.5,10,joy place-The family place(Titus Evans Okello),Lakeside
Trans Nzoia,8,4.5,30,Completely furnished clean house.,Small Town
Kisii,0,5.0,20,Kisii Highlands Comfy,Town
Keiyo-Marakwet,0,5.0,30,"Rustic homestay, simple but comfy",Countryside
Nakuru,0,5.0,22,Blue Hills Apartments.,City
Kisumu,2,5.0,31,van Woudenberg Garden,Lakeside
Siaya,0,5.0,29,Country house getaway,Lakeside
Kisumu,1,5.0,30,Kolkol Appartment Kisumu,Lakeside
Kisumu,0,5.0,25,Menara Weekend Retreat,Lakeside
Nakuru,0,5.0,17,LAKE NAKURU VIEW,City
Uasin Gishu,0,4.0,25,Golan one bed roomed vacation rentals,Small Town
Nyandarua,26,4.5,30,THATCHED COTTAGE GILGIL KENYA,Green Cities
Kisumu,0,4.0,18,OVAA KISUMU COVE; Luxury & Privacy,Lakeside
Uasin Gishu,0,4.0,31,EVERGREEN PREMIER HOMESTAY ELDORET,Small Town
Kisumu,4,4.5,20,Elegant Elgon Penthouse,Lakeside
Trans Nzoia,1,5.0,30,home away from home,Small Town
Kisumu,4,5.0,30,"Ose Cottages, homely comfort",Lakeside
Nyeri,0,4.0,40,"Rafiki Homestay, Naro-moru",Green Cities
Nyeri,0,3.0,40,Kahiga Homestay,Green Cities
Nyeri,1,3.0,40,Home away from Home,Green Cities
Nyeri,7,5.0,15,"Vemidas House, Nyeri-Karatina Road",Green Cities
Nyeri,0,4.0,20,TONG'U HILLS FARMSTAY,Green Cities
Embu,1,5.0,35,Experience Serenity Comfort.,Countryside
Nyeri,0,5.0,36,"Cosy Country Getaway,Mountain Views",Green Cities
Kwale,0,5.0,27,Judy's Paradise,Coastal
Nairobi,0,4.0,35,Cosy 1 bedroom cottage with a garden,City
Kajiado,0,5.0,21,Oseki Holiday home,Countryside
Kilifi,0,4.0,29,"Woburn Residence Club, Malindi/Kenya",Coastal
Nakuru,0,4.0,12,A comfortable 2 bedroom house,City
Nairobi,0,4.0,32,Cosy one bedroom,City
Nairobi,8,4.5,16,One bedroom cottage Karen,City
Kisumu,6,3.5,15,Bikeventures House Kisumu,Lakeside
Nairobi,3,4.5,35,Executive 3 bed roomed mansion,City
Kilifi,3,4.5,38,Malindi beach 2bedroom apartment,Coastal
Homa Bay,6,4.0,35,Lolwe Cottage,Lakeside
Nairobi,4,5.0,40,Homely Villa Karen (Lower Wing),City
Nakuru,7,4.5,30,guesthousejane Naivasha B&B,City
Kilifi,9,4.5,40,Edenhouse Residence Malindi,Coastal
Mombasa,10,4.5,35,Studio with private terrace,Coastal
Kisumu,6,4.5,35,kisumu terrace apartments,Lakeside
Lamu,20,5.0,33,Island 2 bedroom sea-view apartment,Coastal
Kwale,4,5.0,40,Kivulini Cottage,Coastal
Nairobi,4,4.5,30,Getaway- Home away from home!,City
Nairobi,13,4.5,20,Nairobi Homes 1(FREE airport pick up),City
Lamu,29,4.5,37,"Seafront Guesthouse, Miji Room",Coastal
Nairobi,11,4.5,12,Spacious studio with WiFi,City
Nairobi,10,4.5,36,"Serene studio Milimani, close CBD,Westlands",City
Kajiado,4,5.0,38,Roundhouse Karen little paradise,Countryside
Kajiado,3,4.5,27,"Apartment Ngong Hills, Nairobi",Countryside
Mombasa,10,4.5,19,Lyson Self-catering Apartment,Coastal
Kisumu,3,4.5,21,Ruby court Apartment,Lakeside
Nairobi,26,5.0,37,Home a Serene Environment,City
Kwale,13,5.0,33,"Frangipani Cottages ""Hibiscus I""",Coastal
Machakos,4,5.0,25,"OVAA ATHI; Cozy, Luxury & Privacy",Small Town
Nairobi,3,5.0,40,Irene's cosy Apartment,City
Nairobi,3,4.5,25,Private studio apartment,City
Machakos,9,4.5,30,Safe & Comfy 3Bedroom Apartment near Airport & SGR,Small Town
Nairobi,16,5.0,32,"Serene, Safe & Peaceful Guest House",City
Nairobi,31,4.0,32,Cosy Serene Secure Apartment,City
Nairobi,53,5.0,20,"Affordable, Cozy, Furnished, Studio",City
Kwale,16,4.5,27,"Frangipani Cottages ""Hibiscus II""",Coastal
Kwale,9,5.0,29,"Frangipani Cottages ""Mnazi I""",Coastal
Nairobi,18,5.0,30,"Cozy, fun-friendly, private apartment",City
Keiyo-Marakwet,6,5.0,23,Quiet place with Rift Valley view,Countryside
Nairobi,4,4.5,15,Karibu comfortable studio with wifi,City
Nyandarua,14,4.5,35,COTTAGE MALEWA RIVER GILGIL KENYA,Green Cities
Nairobi,11,5.0,29,"1 Bedroom apartment on Ojijo Road, Nairobi",City
Nakuru,3,3.5,10,"NCPA Guest House Nakuru, inside Centre of Hope",City
Nakuru,3,4.0,30,GRACIOUS COURT LANET NAKURU,City
Nairobi,17,4.5,23,Private Studio westlands,City
Nairobi,5,5.0,15,"Elegant Family Home, 15 minutes from Airport.",City
Nairobi,5,5.0,19,Intimate & Accessible Apartment Near Town/CBD,City
Kakamega,6,5.0,28,Lamanis Haven Kakamega,Town
Nairobi,14,5.0,28,Valley Arcade Rooftop Apartment,City
Nairobi,32,4.5,29,Awesome 2 Bedroom SouthB Nairobi,City
Nairobi,5,4.0,20,Cosy Studio Apartment two Downtown Nairobi,City
Nairobi,13,5.0,19,"NEW!! Jahazi Studio Cottage - SERENE,COZY & SAFE",City
Nairobi,6,5.0,35,Calynan appartment,City
Nairobi,3,5.0,35,Charming Wooden Cottage,City
Kakamega,17,5.0,28,Lamanis Haven Kakamega,Town
Kilifi,3,5.0,25,Girasoli resort appartments swimming pool,Coastal
Nairobi,17,5.0,19,NEW!!STUDIO HERI - affordable,City
Nairobi,15,5.0,36,"NEW! RAHA - Westlands, ideal & affordable location",City
Nairobi,9,4.5,22,Cosy Studio Apartment,City
Nairobi,43,4.5,21,SAFARI SUPER VALUE affordable/ideal location,City
Nairobi,14,5.0,40,Cosy Annex peaceful tree filled location,City
Kajiado,11,5.0,15,"Laiboni home, Nairobi",Countryside
Nairobi,6,5.0,25,A Cosy Nook Karen. Irish Welcome assured,City
Nakuru,30,4.5,20,Stay with a kenyan family,City
Nairobi,9,5.0,20,Penthouse Studio-Apartment,City
Nairobi,3,5.0,24,QUIET COMFORTABLE with a view on Nairobi river,City
Nakuru,34,4.5,30,Chalet at River House,City
Nairobi,11,4.5,30,White Lantern Studio Guest House,City
Nairobi,5,5.0,26,★The Round House - Tranquil Getaway★,City
Nairobi,4,5.0,27,Roof-top Spacious Studio Room along Riara Road,City
Lamu,23,4.5,28,Lamu island accomodation,Coastal
Nairobi,46,4.5,16,NEW! STUDIO HERI - affordable,City
Nakuru,29,4.5,25,Apartments Naivasha,City
Nairobi,6,5.0,15,Lyko House,City
Nairobi,20,5.0,29,Comfy 2 Bedroom Furnished Flat,City
Nairobi,11,4.5,25,JungleBeach Home,City
Lamu,49,4.5,28,Cool Eco Lodge,Coastal
Laikipia,12,5.0,26,"Namelok Guest Cottage, Nanyuki",Countryside
Nakuru,51,4.5,16,Naivasha b&b Treehouse+WiFi,City
Nairobi,21,5.0,30,A loft apartment- Furnished,City
Nairobi,22,5.0,40,Colorful Cubbyhole,City
Nairobi,27,5.0,33,"Secure Spring Valley house, Greenery all around",City
Nairobi,29,5.0,39,Room with a View - Karen,City
Nairobi,26,5.0,19,"little studio, central location",City
Nairobi,28,5.0,20,Lovely studio apartment with elevator & fast wifi,City
Kilifi,24,5.0,24,"Nice Apartment, 2 Bedrooms,Courtyard,Parking Space",Coastal
Nairobi,46,5.0,30,Mordern Inviting Apartment,City
Nairobi,37,4.5,29,"New! Safari Super Value -WESTLANDS, IDEAL LOCATION",City
Nakuru,44,4.5,22,Manera Farm - Rooms old Settler Farm,City
Nakuru,55,4.5,30,urban sanctuary Naivasha,City
Nairobi,68,5.0,29,Boushel Place - best times,City
Mombasa,29,4.5,38,"Beach Front Apartment, Mombasa, Bamburi Beach, 5**",Coastal
Nairobi,94,4.5,35,3 bed 3.5 bath Elegant Apt Kile.,City
Nairobi,8,5.0,62,Home away from home Riara road,City
Nairobi,7,4.5,50,Spaciuos Villa City Centre,City
Nairobi,4,4.5,40,Sabina's homestay,City
Nairobi,7,4.0,30,"Central, Quiet Relaxing Home!",City
Nairobi,5,5.0,38,Spacious Cosy accomodation,City
Nairobi,14,5.0,30,Warm private rooms leafy surburb,City
Nairobi,7,3.0,15,Cozy Shared Apartment Kilimani,City
Nairobi,8,4.0,35,May feel more free as they sharing.,City
Nairobi,8,4.0,35,Peaceful haven close city,City
Nairobi,9,4.0,30,Cool n lovely secure guesthouse,City
Nairobi,11,5.0,25,Westland Commercial Centre.,City
Nairobi,12,3.5,20,Lavish Living,City
Nairobi,1,5.0,34,SAVANNAH PARADISE;comfy town house suburbs.,City
Nairobi,0,5.0,40,Rafiki Room - naturally inviting,City
Nairobi,5,3.0,29,3 bed 3 bath Elegant Apt posh Lavington Estate,City
Nairobi,12,4.0,20,BoGene 2,City
Nairobi,1,4.5,20,Your home away from home...,City
Nairobi,8,4.5,65,Cozy Furnished Room Westlands,City
Nairobi,6,4.0,80,Casa Ya Ndoto (House of good dreams) - Anubis Room,City
Nairobi,9,4.0,71,Covenant Guest House - Private Triple Room 1,City
Nairobi,8,5.0,71,Covenant Guest House - Private Double Room 2,City
Nairobi,5,3.0,71,Covenant Guest House - Private Single Room 1,City
Nairobi,25,4.5,71,Covenant Guest House - Private Single Room 2,City
Nairobi,15,4.5,40,Twin Beds heart of Nairobi!,City
Nairobi,7,5.0,45,High quality apartment Westlands,City
Nairobi,7,5.0,45,Lovely fully furnished apartment,City
Nairobi,3,4.5,60,Cosy Twin Room Westlands,City
Nairobi,20,5.0,42,Beautiful ensuite central Nairobi,City
Nairobi,3,4.5,45,Emerald Park Penthouse- Master Suite (King size),City
Nairobi,6,5.0,43,Beautiful room with private balcony Kilimani,City
Nairobi,3,4.0,59,Acacia Gardens Homestay,City
Nairobi,4,4.5,60,"Cozy, Comfy, Clean Furnished Room",City
Nairobi,3,5.0,55,Apartment heart of Nairobi,City
Nairobi,3,5.0,49,Brand New cozy appartment,City
Nairobi,3,5.0,25,Cozy private room,City
Nairobi,3,5.0,20,"Comfy,private guest room a family setting",City
Nairobi,5,5.0,20,Ginas haven near airport,City
Kilifi,6,5.0,37,"Luxury Apartment Malindi, Kenya",Coastal
Meru,9,5.0,30,"Ganbrook, Nanyuki.",Town
Nairobi,6,5.0,40,"Cosy 1 Bedroom Cottage, Magnificent Garden, WiFi",City
Nairobi,5,5.0,14,"Vicnity of JKIA,Nairobi CBD, YAYA,WESTLAND,TAJMall",City
Nairobi,5,4.5,30,One bedroom Westlands School lane 2,City
Kisumu,3,5.0,15,Small paradise furnished apartment.,Lakeside
Machakos,9,5.0,30,Comfortable relaxed living :),Small Town
Nairobi,27,4.5,163,"Beautiful Safari Suite""Punda Milia""",City
Nairobi,14,3.5,180,natural oak apartments,City
Kilifi,14,3.5,175,PRIVATE SUITE VILLA,Coastal
Nairobi,44,4.0,150,Charming Victorian a mission,City
Nairobi,47,5.0,163,"Beautiful Safari Suite ""Simba""",City
Nairobi,5,5.0,145,Secure Private Room,City
Kiambu,4,5.0,150,Hob House Habibi Suite,Town
Narok,2,5.0,140,Cosy Double Ensuite Cottage Room on Full Board,Countryside
Narok,3,5.0,140,Cosy Twin Ensuite Cottage Room on Full Board,Countryside
Kiambu,12,5.0,130,"Sangare Gardens, Mweiga, Nyeri.",Town
Kajiado,54,5.0,130,Spacious Kibo Camp Amboseli,Countryside
Nakuru,22,5.0,125,Kika Lodge Single Cottage,City
Kilifi,7,5.0,116,PRIVATE SUITE VILLA,Coastal
Kajiado,5,5.0,105,Maasai Simba Camp,Countryside
Nairobi,4,5.0,105,"Beautiful House Karen, Pool, Big pretty garden.",City
Kiambu,35,5.0,116,Hob House,Town
Kwale,7,4.5,95,Casa El Norte on Galu Beach,Coastal
Nakuru,3,5.0,94,Family Studio,City
Nairobi,22,5.0,23,Sunny Room available Hurlingham,City
Nairobi,17,5.0,35,Gorgeous room Kilimani with lovely backyard,City
Nairobi,2,3.0,28,bright sun shiny room Kilimani,City
Nairobi,0,3.5,24,Home away home Nairobi,City
Nairobi,0,5.0,27,Large airy residential house Posh Nyari Estate,City
Nairobi,3,5.0,20,"En-suite room sunny, spacious apartment",City
Laikipia,3,5.0,95,"Le Rustique, Nanyuki - Single Room I",Countryside
Kwale,4,5.0,88,Superior Double Room with Sea View,Coastal
Nairobi,2,4.0,95,Riverside Chill.,City
Nairobi,1,4.0,92,River House 1,City
Kajiado,0,4.0,64,San Toki Country Resorts Limited,Countryside
Kilifi,0,5.0,64,Kira house (suite private VILLA),Coastal
Nairobi,1,5.0,65,Double - Peaceful Retreat Karen,City
Nairobi,0,5.0,63,Spanish Villa 3 Room 1,City
Nairobi,1,5.0,65,Twin ensuite - lovely quiet retreat,City
Nairobi,2,5.0,65,Comfortable en suite room an amazing location,City
Nairobi,1,5.0,80,CAPITAL EXECUTIVE APARTMENT HOTEL,City
Nairobi,1,5.0,64,Spacious room Artist's Flat,City
Nairobi,1,5.0,63,Bed Breakfast Lavington,City
Nairobi,1,4.0,70,Beautiful Accomodation Nairobi,City
Nairobi,1,5.0,75,Bush house Hotel Nairobi.,City
Nairobi,1,4.5,80,Homely Stay Guesthouse,City
Nairobi,2,5.0,65,Gigiri Express Hotel Twin Room AC,City
Nairobi,1,5.0,65,"Cosy, clean, secure, private room",City
Nakuru,1,5.0,63,Brownie's Guesthouse Restaurant,City
Nairobi,3,4.0,80,Margarita House,City
Nairobi,2,4.0,65,Superior Room at Palm Tree B&B,City
Nairobi,11,5.0,80,"Camellia Guest House, Runda Estate - Rafiki",City
Nairobi,2,4.5,80,Exquisite residence Runda Room S,City
Kwale,3,3.5,80,Sunset Villa Boutique Resort,Coastal
Nairobi,6,4.5,63,Gigiri Express Double Room With Fan,City
Nairobi,4,5.0,70,Casa Bonita - Luxurious Runda house,City
Nairobi,24,4.5,62,Gigiri Express Double Room With AC,City
Nairobi,2,5.0,78,Beautiful English home Karen.,City
Nairobi,24,5.0,75,Raiyani House B&B Room 11,City
Nairobi,21,4.0,75,Raiyani House B&B Room 4,City
Nairobi,10,4.0,75,Raiyani House B&B Room 3,City
Nairobi,7,4.0,75,Raiyani House B&B Room 2,City
Nairobi,25,5.0,80,Cozy single room with study area.,City
Nairobi,15,3.5,70,Safi Serviced Apartments,City
Nairobi,18,5.0,80,Near JKIA Nbi airport rest house 3,City
Nairobi,3,5.0,63,"ANGA AFRIKA ""Luxury tented camp""",City
Kilifi,5,4.5,70,Fully Serviced Holiday Villa,Coastal
Nairobi,34,5.0,80,"Priceless: comfort, security, rest",City
Nairobi,12,5.0,70,"Beautiful gardens & views, Karen",City
Nairobi,4,5.0,75,Modern Paradise!,City
Nairobi,15,5.0,70,Peaceful Retreat Karen,City
Nairobi,27,5.0,71,British family home leafy Karen,City
Nairobi,31,5.0,75,"Ol Losowan House, Karen",City
Nairobi,48,5.0,69,"""The Constant Gardener"" home, dble",City
Nairobi,1,5.0,100,Orchid Homes Kenya,City
Narok,2,5.0,100,Cosy single/small double tent with Full Board,Countryside
Nairobi,1,5.0,95,Great room solo traveler,City
Nairobi,1,5.0,100,Fab house gorgeous Spring Valley,City
Nairobi,1,5.0,40,"Friendly family, green garden",City
Nairobi,1,4.0,53,Kileleshwa - C9-3 - Shared Flat!,City
Nairobi,5,4.5,40,"Safe, secure oasis on Ngong road",City
Nairobi,1,4.5,40,Comfortable house great location,City
Nairobi,1,5.0,40,Beautiful room Kilimani,City
Nairobi,2,5.0,50,A home away from home,City
Nairobi,2,5.0,40,Hotel Green Court,City
Nairobi,3,5.0,40,Lovely room Westlands apartment,City
Kilifi,2,5.0,58,CHRIS HOUSE ROOM 2,Coastal
Nairobi,1,4.5,40,"Wonderland, of peace joy",City
Nairobi,1,5.0,53,Kileleshwa - C9-4 - Shared Flat!,City
Nairobi,3,4.0,40,Thompson Court Apt Pool & Internet,City
Nairobi,3,4.0,45,"Luxurious, safe, private ensuite",City
Nairobi,5,5.0,40,Private room a place that feels like a home.,City
Nairobi,4,5.0,40,"1BR upmarket Nbi, Next CBD",City
Nairobi,15,5.0,55,Martin's Place :),City
Nairobi,3,3.5,44,Room lovely home Runda,City
Nairobi,4,5.0,40,Cosy apartment heart of Nairobi,City
Nairobi,4,3.5,45,Charming Room rent a flat!!!,City
Nairobi,5,4.0,45,Rea's place home away from home,City
Nairobi,5,3.5,40,"Cosy 3brm flat,available parking,",City
Nairobi,4,4.5,45,Quaint Family Apartment,City
Nairobi,2,4.5,40,Private Room Lavington Condo,City
Nairobi,1,4.0,45,Car Hire Services,City
Nairobi,1,5.0,45,"Guest Wing, Flame Tree Drive, Runda",City
Nairobi,4,5.0,45,"Clean, Comfortable Room Apartment Kilimani",City
Nairobi,5,3.5,60,1 Bedroom furnished apartment,City
Nairobi,4,3.0,50,a place you,City
Nairobi,3,3.5,50,"HOTEL SOUTHERN BLUE NAIROBI,KENYA",City
Nairobi,9,4.5,40,Kiloranhouse Cottage Twin Bedroom,City
Nairobi,3,5.0,53,Kileleshwa - C9-1 - Shared Flat!,City
Nairobi,17,5.0,40,F-PRIVATE MASTER EN-SUITE ROOM DUPLEX PENTHOUSE,City
Nairobi,1,5.0,45,A spacious ensuite rm kileleshwa,City
Machakos,1,5.0,60,Easy Hotel Kenya,Small Town
Nairobi,2,5.0,60,River view,City
Nairobi,1,4.0,53,Kileleshwa - C9-2 - Shared Flat!,City
Nairobi,2,4.0,50,Kilungu Place,City
Kiambu,4,3.5,55,Mount Pleasant Old Lake Inn,Town
Nairobi,17,4.5,40,Queen Bed heart of Nairobi!,City
Nairobi,5,4.0,59,Safe home with stunning forest view,City
Nairobi,10,4.5,40,Kiloranhouse Apt S Double Bedroom,City
Nairobi,19,4.5,45,Kiloranhouse Apt Twin Bedroom - TDB,City
Kilifi,3,4.5,58,Watamu Kenya B&B Richland,Coastal
Mombasa,3,4.5,50,Seaside Villa!,Coastal
Kwale,4,5.0,44,Kenyaways Diani Budget Room,Coastal
Nairobi,25,5.0,60,Warm Rustic African Interior Home,City
Nairobi,4,5.0,58,Chateau Prissy-room elegant home,City
Mombasa,5,5.0,58,Room with great views Eco Home,Coastal
Kilifi,4,4.5,58,CHRIS HOUSE N.4 SUITE,Coastal
Nairobi,4,4.5,60,Riverview bnb,City
Lamu,4,4.5,47,PETLEYS INN,Coastal
Nairobi,3,5.0,58,Private En-suite Master room Kilimani,City
Nairobi,3,4.0,40,Vine Homes B&B,City
Nairobi,15,5.0,59,Clean Cosy Room near JKIA Airport,City
Nairobi,1,5.0,45,Cosy ensuite by river room,City
Nairobi,1,5.0,40,"Mwewe Apartments,Kileleshwa",City
Nairobi,2,5.0,50,"Quiet, 20 minutes from Airport",City
Kajiado,4,5.0,48,Marigold Park (Room 1),Countryside
Nyeri,1,4.0,60,Burguret Kilele Guest House,Green Cities
Nairobi,1,4.0,49,1 Bedroomed Private Fully Furnished Apt Lavington,City
Nairobi,1,4.0,50,Amina's Place,City
Meru,5,4.5,42,Judy's Private Homestay,Town
Nairobi,17,5.0,49,Kiloranhouse Cottage Master/Jaccuzi,City
Nairobi,7,5.0,45,Little House Woods,City
Nairobi,7,5.0,55,UN HQ view- nice home & view of bush city!,City
Nairobi,13,5.0,45,Cozy nice room near UN HQ Gigiri,City
Machakos,10,5.0,50,Monica's House on plains,Small Town
Kilifi,11,5.0,45,Nane @ Swimbo House,Coastal
Kwale,9,5.0,45,Footprints House- Private bedroom ensuite (Right),Coastal
Nairobi,1,4.0,50,Stunning double bedroom with office,City
Nairobi,4,4.5,53,Gigiri Express Hotel Single Room,City
Mombasa,5,5.0,49,AMANI ROOM,Coastal
Narok,2,4.5,52,LERUK MAASAI SAFARI CAMP,Countryside
Nairobi,2,4.5,50,Karen Cottage Double Room,City
Nairobi,4,5.0,50,"Luxury, Quiet & Secure Stay",City
Nairobi,17,4.5,49,Kiloranhouse Apt Prime Bedroom,City
Nairobi,2,5.0,50,Jolie chambre indépendante sécurisée avec piscine,City
Lamu,5,5.0,51,Unique Historical Villa Lamu,Coastal
Laikipia,13,5.0,50,"Sieku: small, unique, rustic, glamping luxury",Countryside
Nairobi,75,5.0,46,"COZY flat, SAFE area, near PARK",City
Nairobi,47,5.0,49,"""The Constant Gardener"" home sngle",City
Nairobi,7,4.5,25,Private Master Beautiful Modern Apartment,City
Nairobi,3,4.5,60,Room a lovely compound Runda,City
Kwale,14,5.0,50,Beautiful Rooms a Shared Villa at Bahari Dhow.,Coastal
Lamu,18,5.0,58,"Mwangati House, Manda Island",Coastal
Nairobi,3,5.0,58,Mountain View B&B,City
Lamu,6,4.5,59,Jannat House - Genuin welcoming,Coastal
Kilifi,3,5.0,59,Villa privata con piscina,Coastal
Mombasa,9,4.0,50,"Leinmach House, Nyali Mombasa",Coastal
Kwale,3,5.0,50,Guest Annex beach wildlife lovers,Coastal
Mombasa,5,5.0,55,EXECUTIVE DOUBLE ROOM,Coastal
Lamu,13,5.0,41,Eco-friendly House Lamu island,Coastal
Nairobi,20,4.5,60,Makena's Place Karen FLAMINGO ROOM,City
Lamu,1,5.0,50,Subira House Lamu Old Town,Coastal
Nairobi,19,5.0,50,Lavington rooftop room with ensuite,City
Kilifi,3,4.5,58,CHRIS HOUSE ROOM N.6,Coastal
Nairobi,15,5.0,48,Makena's Place Kichana & Gecko Room,City
Homa Bay,9,5.0,44,"Wayando Beach Ecolodge, Rusinga Isl",Lakeside
Kilifi,4,5.0,58,CHRIS HOUSE ROOM 3,Coastal
Kajiado,5,5.0,50,MIRYAM VILLAGE INN SAFARI LODGE LTD,Countryside
Kilifi,44,3.5,45,"Quiet Beach Cottages Malindi, Kenya",Coastal
Siaya,5,5.0,25,Lovely home Siaya County,Lakeside
Kajiado,5,5.0,30,Serene Outskirts,Countryside
Nairobi,5,4.0,18,Two Bedroom Home with WiFi,City
Nairobi,4,5.0,23,"Sunny private room on a quiet, leafy side street",City
Nairobi,3,2.5,10,Cozy & Cool Place - best times,City
Nairobi,7,5.0,25,Nairobi Modern House Private Room,City
Nairobi,2,5.0,35,Bird's Nest (Gitara),City
Mombasa,2,4.0,30,PrivateEnSuite Room Amazing Sea-View Aptmnt B&B,Coastal
Mombasa,6,4.5,40,5 minute walk beach!,Coastal
Kwale,14,3.5,35,Sun Moon House - Apartment Two,Coastal
Kwale,4,4.0,35,Sawaka,Coastal
Kilifi,6,4.5,12,Comfortable Private Room,Coastal
Mombasa,1,5.0,26,"Any budget fit from couch suffers, backpackers",Coastal
Mombasa,1,5.0,40,Home away from Home,Coastal
Mombasa,2,4.5,38,3BR flat w/AC heart of town,Coastal
Mombasa,21,4.0,33,MtwapaHeritage Apartment.,Coastal
Mombasa,6,5.0,15,Miritini apartment,Coastal
Kwale,3,4.5,29,Mare Villa Rooms,Coastal
Mombasa,2,5.0,40,"Safe security,shopping mall,beach",Coastal
Kwale,1,4.0,20,German Estate.,Coastal
Mombasa,1,4.0,23,Town farm house.,Coastal
Kilifi,1,5.0,12,Cozy private room,Coastal
Kajiado,11,3.5,35,Hills Gate Homes,Countryside
Nairobi,1,5.0,40,Modern Cozy Crib Santack Eastate.,City
Nairobi,9,4.5,20,"Great location, cozy double room",City
Nairobi,12,5.0,25,Central. Convenient. Garden. Serene,City
Nairobi,5,5.0,25,Awesome home near everything...,City
Nairobi,9,4.5,17,Secure serviced room (Westlands),City
Nairobi,4,5.0,15,Cosy home heart of Nairobi,City
Nairobi,3,4.5,15,Ensuite double room Kileleshwa,City
Machakos,3,5.0,24,Comfy Room near JKIA Airport,Small Town
Nairobi,5,5.0,17,Home away from home,City
Nairobi,6,5.0,35,Sojourn a Convenient Cozy Oasis...,City
Nairobi,4,4.5,15,Lovely Ensuite Room,City
Kiambu,6,5.0,30,Farmstay on organic vegetable farm,Town
Nairobi,5,5.0,15,Convenient easily accessible,City
Nairobi,3,4.5,15,Nairobi Kenya country home setting,City
Nairobi,3,3.5,20,Nairobi Runda private rooms,City
Nairobi,6,5.0,25,Safe Private Single En-suite Room (P1),City
Nairobi,3,4.5,12,Room valley arcade,City
Nairobi,7,4.5,25,"Kessy's Rooms, Kilimani",City
Nairobi,5,5.0,30,MASTER EN-SUIT KILELESHWA,City
Nairobi,9,4.0,20,En-Suite Room Spacious Penthouse,City
Nairobi,30,5.0,30,A Home Away From Home Westlands,City
Nairobi,9,4.5,24,Double bed room clean warm,City
Nairobi,6,4.0,25,PRIVATE ROOM-KILIMANI VALLEY ARCADE,City
Nairobi,12,5.0,20,"Twin cosy room, WiFi, serene neighbourhood",City
Machakos,3,4.5,30,Secret Haven Inn Ensuite,Small Town
Nairobi,13,4.5,22,Private & cozy Nairobi room 2,City
Nairobi,16,5.0,30,Private & cozy Nairobi room,City
Nairobi,10,5.0,12,5 min. walk Wilson A/port public T/port,City
Nairobi,3,5.0,24,Cozy penthouse apartment Kileleshwa,City
Nairobi,16,5.0,18,Ensuite Sunny Room Hurlingham,City
Nairobi,3,5.0,39,FEMALE GUESTS ONLY: BUNGALOW WITH TROPICAL GARDEN,City
Nairobi,3,5.0,10,Clean & Cozy room on Ngong Road,City
Nairobi,6,4.5,21,A nice place woodley!,City
Nairobi,13,4.5,35,Kiloranhouse Cottage Loft Bedroom,City
Nairobi,32,4.5,27,Single room near JKIA Airport.,City
Nairobi,5,5.0,13,Bright Homely Feel Apartment,City
Nairobi,7,5.0,25,Best Apartment Block Nairobi,City
Nairobi,13,4.5,12,Private Room Beautiful Townhouse,City
Machakos,4,5.0,20,Peaceful accomodation,Small Town
Kiambu,3,3.5,25,Tranquility at its best,Town
Nairobi,19,5.0,25,Behind Blue Door,City
Nairobi,4,5.0,20,Private spacious Room Kilimani,City
Nairobi,4,5.0,35,"Private Room, Kileleshwa",City
Nairobi,17,4.5,23,Room Great Lavington Apartment,City
Nairobi,5,5.0,10,"SQ room sunny, spacious apartment",City
Nairobi,56,5.0,14,"SAFE, City Center Nairobi + Wi-Fi",City
Nairobi,5,5.0,40,Cozy Cottage-like Bedrooms,City
Nairobi,3,4.5,10,prime property consultants Ltd,City
Kajiado,5,4.5,10,Run with elite marathoners,Countryside
Nairobi,4,5.0,14,Eshel Guest House Single,City
Nairobi,10,4.5,15,Eshel Karen,City
Nairobi,6,4.5,16,Eshel Guest House Upstairs,City
Kajiado,6,4.0,20,Home away from home,Countryside
Nairobi,4,4.0,25,Executive Guesthouse Nairobi.,City
Mombasa,8,4.5,35,Modern serene apartment,Coastal
Kwale,10,5.0,29,Ensuite room on beach property with pool,Coastal
Kwale,4,4.5,30,Amani,Coastal
Kwale,5,4.5,31,Rafiki,Coastal
Kilifi,4,5.0,40,Mwembeni eco-tent,Coastal
Kilifi,3,4.5,21,Mimi na Rangi House Kenya,Coastal
Kwale,3,4.5,21,Safe budget accommodation 3 minutes from beach,Coastal
Mombasa,5,4.0,30,Ocean Breeze Doubles,Coastal
Kwale,9,4.5,30,Pa moja,Coastal
Mombasa,27,4.5,10,Mombasa back packers budget,Coastal
Mombasa,14,4.5,32,Home away from home.Apartment setup,Coastal
Mombasa,3,4.5,35,Cowrieshell Bamburi Apartment,Coastal
Kilifi,4,4.5,20,Second Home,Coastal
Kwale,4,3.5,26,Blueswallow rooms.....come join us,Coastal
Mombasa,5,5.0,11,"House of Friends -Bamburi, Mombasa",Coastal
Kwale,8,4.5,30,Bahati,Coastal
Kilifi,6,5.0,38,"Swahili House ,antica dimora araba",Coastal
Mombasa,9,5.0,28,Relaxed spacious coastal ambience-Nyali,Coastal
Mombasa,14,4.5,30,Breathtaking beach view Empire,Coastal
Lamu,11,4.5,29,"Clean, spacious room. Lamu centre.",Coastal
Kilifi,6,5.0,40,Lovely Makuti double room on Takaungu beach,Coastal
Lamu,15,5.0,40,Amazing Six Suites Villa Lamu,Coastal
Nakuru,5,5.0,20,Cosy & vibrant apartment Nakuru,City
Nakuru,3,3.5,40,Sebuleni house..,City
Nakuru,3,4.0,35,Cottage at Brian's house,City
Nairobi,3,5.0,27,Two rooms Heart of Lavington,City
Nairobi,10,5.0,16,Olympic Estate Guest House,City
Nairobi,6,4.5,25,Penthouse prime location,City
Nairobi,5,4.5,24,"Cozy,clean room kilimani",City
Nairobi,5,5.0,25,Nairobi Menelik House,City
Nairobi,9,4.5,18,Lovely Room an apartment,City
Nairobi,11,5.0,30,Single room an artist's loft Nairobi center,City
Nairobi,11,4.5,30,Beautiful En-suite Room an Elegant home.,City
Nairobi,20,4.5,34,VIBRANT & COZY SAFE area,City
Nairobi,5,4.5,21,DOUBLE ROOM AVAILABLE KILELESHWA,City
Nairobi,4,5.0,14,Private Room Sunny Apartment Valley Arcade,City
Nairobi,3,4.5,19,Studio Guest House - Room,City
Nairobi,6,5.0,20,Private comfortable room,City
Nairobi,3,5.0,13,"Blissful Room 2 - Nairobi, Embakasi, Near JKIA",City
Nairobi,22,4.5,12,Hidden Gem City Centre Nairobi + Free Wi-Fi,City
Nairobi,8,4.5,19,"Large, airy apartment, secure residential area",City
Nairobi,24,4.5,19,Private room a walk city,City
Nairobi,3,5.0,11,2 Comfortable Rooms an Apartment Near City,City
Nairobi,10,4.5,25,Double Room Villa City Centre,City
Nairobi,10,5.0,30,Luxury Safe En-suite Double Room (S4),City
Nairobi,3,4.5,23,Serene Garden II: Double Room with Pool,City
Nairobi,16,5.0,25,Karibu Nairobi! Welcome Nairobi☺,City
Nairobi,11,4.5,25,Twin Bedroom city centre,City
Nairobi,3,4.5,20,Master bedroom with jacuzzi,City
Nairobi,5,5.0,18,Monada,City
Mombasa,8,5.0,30,Private Room with Oceanview.,Coastal
Mombasa,10,4.5,26,"Bright, light, citycentre apartment",Coastal
Kisumu,14,5.0,35,Charming spacious private room&bath,Lakeside
Kisumu,4,4.5,35,Private room with king size bed,Lakeside
Uasin Gishu,5,5.0,40,La Villa Suites,Small Town
Uasin Gishu,5,4.5,25,Golan short-term vacation rentals,Small Town
Nakuru,4,5.0,10,"Cozy House, Home away from Home, section 58",City
Kisumu,12,4.5,23,Rolus Breezy Apartments,Lakeside
Nairobi,10,5.0,18,Lovely Room Two,City
Nairobi,6,5.0,37,SPACIOUS & COZY SAFE area,City
Kwale,3,5.0,30,Kirathimo Explorer's Oasis - Double Room MURATA,Coastal
Kajiado,10,4.5,17,"Hazina House - cosy, clean & green",Countryside
Nairobi,4,5.0,14,Ensuite room no.2 Kileleshwa,City
Nairobi,10,4.5,25,Double Room a city centre villa,City
Nairobi,8,5.0,15,Self contained room Woodley apmt,City
Kilifi,17,5.0,40,Stunning double room on Takaungu beach,Coastal
Machakos,4,5.0,25,Tranquil haven (Room 1),Small Town
Nairobi,3,4.5,30,Luxury Ensuite Room with private Balcony (P3),City
Kilifi,14,4.5,34,KENGA GIAMA RESORT- Camere private B/B.,Coastal
Nairobi,21,4.5,25,furnished room -Nairobi westlands,City
Nairobi,3,4.5,25,Stunning apartment lower Kabete,City
Nairobi,9,4.5,20,Kilimani cosy room,City
Uasin Gishu,3,4.5,29,Cherry Guest House,Small Town
Nairobi,22,5.0,35,Double room an artist's loft Nairobi centre,City
Kilifi,12,5.0,39,Stunning home with Creek views,Coastal
Nairobi,7,5.0,20,Home away from home Near Jomo Kenyatta Airport,City
Nairobi,13,4.0,15,Cozy | Colorful | Comfortable,City
Kajiado,5,5.0,15,"NGONG HILLS ROOM, Kepro Farm, owner-couple host.",Countryside
Mombasa,6,4.5,25,A cozy paradise 5mins walk beach,Coastal
Nairobi,14,4.5,10,super memories ever,City
Nairobi,3,5.0,18,Private Suite Great Location Kilimani,City
Nairobi,20,4.5,33,Emerald Homestay,City
Nairobi,7,5.0,40,"Cosy, Quiet DBL Room Kileleshwa near Kenton",City
Nairobi,6,5.0,32,Shire Karen :),City
Nairobi,19,4.5,30,B-PRIVATE ROOM DUPLEX PENTHOUSE,City
Nairobi,22,4.5,30,C-PRIVATE ROOM DUPLEX PENTHOUSE,City
Nairobi,15,5.0,20,Batman Room special offer,City
Nairobi,6,5.0,15,"Angie's Haven , Private room",City
Nairobi,11,4.5,20,"Colorful, spacious, cozy room! Check it out!",City
Nairobi,14,4.5,17,cozy small room,City
Nairobi,3,5.0,13,Cozy 1-bedroom quiet neighborhood Westlands,City
Nairobi,29,5.0,23,Relaxed stay with friendly expats,City
Nairobi,3,4.5,16,Furnished private room Kilimani,City
Kisumu,10,5.0,35,Cozy spacious room&private bath,Lakeside
Machakos,3,4.5,13,Ane's,Small Town
Nairobi,8,5.0,30,"Spacious penthouse convenient, safe location",City
Nairobi,4,4.0,30,Amazing view of city center,City
Nairobi,5,5.0,32,Magnolia Pine - Daisy Room,City
Nairobi,16,4.5,23,Double ensuite room kilimani III,City
Lamu,7,5.0,25,Historic Amu House Lamu Town,Coastal
Nairobi,23,4.5,25,"Stylish, large, en-suite room Kilimani",City
Nairobi,9,5.0,29,Charming Spanish-style apartment +pool,City
Nairobi,13,5.0,16,Kilimani private room just you,City
Kwale,3,4.5,30,Kirathimo Explorer's Oasis - Twin room TWIGA,Coastal
Nairobi,11,4.5,18,"Splendid,Cosy Room my lovely 3BR Nairobi Apt",City
Nairobi,11,5.0,20,SINGLE ROOM,City
Mombasa,17,4.5,27,"Super Private 3 BR Nyali Flat: ACs, WiFi & Veranda",Coastal
Nairobi,4,4.5,10,"WiFi-ed flat 5min from T-Mall, 15 from Strathmore",City
Nairobi,3,5.0,20,"Quite,Cozy room Nairobi.",City
Nairobi,17,4.5,25,Private room lavington/kilimani,City
Nairobi,15,5.0,17,"Valley Rd- cheap, affordable alternative hotels",City
Kwale,20,5.0,35,Kirathimo Explorer's Oasis - Double Room MALAIKA,Coastal
Nairobi,11,5.0,14,Vamos Private Room II,City
Nairobi,5,5.0,18,Super Spacious Room at Riverside Drive/Westlands,City
Nairobi,13,5.0,20,Cozy Townhouse with 2 rooms Let....,City
Nairobi,5,5.0,15,Private Guest House Lush Nairobi Suburb,City
Nairobi,3,4.5,26,Spacious kilimani view,City
Nairobi,23,4.5,18,kilimani room 1,City
Nairobi,11,5.0,40,"Skyline Suite (rooftop pool, gym, own bathroom)",City
Nairobi,3,5.0,20,Central Riverside Drive Apartment,City
Nairobi,4,4.5,12,"Cozy, private inviting studio cottage",City
Nairobi,3,5.0,17,Lovely apartment Lavington,City
Nairobi,22,4.5,19,Ensuite room a secure neighborhood,City
Nairobi,3,4.5,16,Spare room a bright & friendly house,City
Nairobi,23,5.0,23,Double ensuite room kilimani I,City
Nairobi,23,4.5,30,Khweza Bed Breakfast Nairobi,City
Mombasa,35,5.0,18,Home Mombasa island,Coastal
Nairobi,11,5.0,35,Spacious en-suite Kilimani,City
Nyeri,9,5.0,40,Shepherd Hut at One Stop Nanyuki - Oak,Green Cities
Nairobi,22,5.0,23,Hurlingham- Kose Heights,City
Nairobi,12,5.0,15,Tembo Place,City
Nairobi,3,5.0,30,En-suit swahili themed room.,City
Nairobi,16,4.5,18,PRIVATE ROOM-KILIMANI VALLEY ARCADE,City
Mombasa,3,5.0,25,Mawimbi BnB,Coastal
Nairobi,3,5.0,15,"well lit, spacious, cosy, convenient,secure",City
Nairobi,16,5.0,35,A-PRIVATE MASTER EN-SUITE ROOM DUPLEX PENTHOUSE,City
Nairobi,3,5.0,25,A Guest Studio with a Garden,City
Nairobi,3,5.0,14,"Samawati - sunny, serene & cosy",City
Kisumu,5,5.0,18,Cosy Rustic Home Milimani,Lakeside
Nairobi,19,5.0,19,Spare room a cosy house!,City
Nyeri,12,5.0,40,Shepherd Hut at One Stop Nanyuki - Bramble,Green Cities
Nairobi,5,5.0,10,Kilimani Room 3,City
Nairobi,8,4.0,18,PRIVATE ROOM-KILIMANI VALLEY ARCADE,City
Nairobi,39,5.0,25,"Ensuite & spacious, secure location",City
Nairobi,11,5.0,16,Secure Housing close Airport,City
Kiambu,11,5.0,20,Spacious En-Suite Room Spacious Apartment,Town
Nairobi,10,5.0,15,"Beautiful Spacious Room, Riverside near Westlands",City
Nairobi,3,5.0,19,"Spacious private rooms Nairobi, Riverside drive",City
Nairobi,9,5.0,25,A home away from home,City
Nairobi,10,4.5,17,Secure Clean Single Room,City
Nairobi,21,5.0,25,En-suite Double Room Private with Balconette (P4),City
Nairobi,15,5.0,18,"Spacious,Comfortable,Surbub House near Airport",City
Nairobi,19,5.0,28,M-PRIVATE ROOM SHARED APARTMENT,City
Nairobi,12,5.0,18,kilimani room 2,City
Nairobi,4,5.0,17,Tamani Home,City
Nakuru,7,4.5,18,Menengai Crater Guest House,City
Nairobi,34,4.5,10,"Clean, Quiet City Centre Nairobi Room + FREE Wi-Fi",City
Nairobi,26,5.0,25,"LAVINGTON, NAIROBI ***ALL 5 STAR REVIEWS***",City
Nairobi,12,5.0,32,Modern Ensuite Room No.2 + Lounge,City
Nairobi,8,5.0,20,"Cosy, private, en-suite studio Kileleshwa",City
Machakos,12,4.5,30,leumas airport homestay,Small Town
Nairobi,32,4.5,10,Small Apartment + WIFI & kitchen,City
Mombasa,26,4.5,10,PRIVATE ROOM!! OCEAN NEARBY!!,Coastal
Nairobi,4,5.0,13,cattys place near airport,City
Nairobi,4,4.0,10,Serrainne & Erick (2),City
Nairobi,21,4.5,15,"Blissful Room 1 - Nairobi, Embakasi, Near JKIA",City
Nairobi,11,4.5,24,J-PRIVATE INDEPENDENT ROOM WITH PENTHOUSE ACCESS,City
Nairobi,11,5.0,30,Private cozy room safe neighbourhood,City
Nairobi,5,5.0,20,Cozy room a spacious apartment,City
Nairobi,64,4.5,30,Bed Breakfast near Nairobi city,City
Nairobi,49,4.5,30,G-PRIVATE ROOM DUPLEX PENTHOUSE,City
Nairobi,9,5.0,14,Creative renting out private room Parklands,City
Nairobi,25,5.0,30,D-PRIVATE ROOM DUPLEX PENTHOUSE,City
Nairobi,7,4.5,12,Small Paradise Nairobi,City
Nairobi,7,5.0,20,"Spacious, sunny master bedroom with 3 fun hosts",City
Meru,6,4.5,32,Farm Stay Elephant Corridor.,Town
Nairobi,6,5.0,25,Artsy Balcony Room 10 min Walk City,City
Nairobi,52,4.5,14,Private room Shared Cosy house,City
Nairobi,39,5.0,10,Serrainne & Erick,City
Nairobi,27,5.0,23,Double ensuite room kilimani II,City
Nairobi,29,5.0,32,Artsy Apartment 10 min Walk City,City
Nairobi,32,4.5,17,Mini independent Room,City
Nairobi,34,5.0,32,Ultra-modern Ensuite Room Kileleshwa Apartment,City
Nairobi,42,5.0,19,Jacaranda Room Nairobi City,City
Nairobi,51,5.0,24,Delightful room near JKIA airport,City
Nairobi,64,5.0,39,"""The Constant Gardener"" cosy sngle",City
Nairobi,67,5.0,15,"Safest,Cleanest Estate Africa,10mins Airport",City
Nairobi,57,4.5,30,I-PRIVATE ROOM DUPLEX PENTHOUSE,City
Nairobi,72,4.5,30,H-PRIVATE ROOM DUPLEX PENTHOUSE,City
Kwale,55,5.0,32,guest room made with love,Coastal
Nakuru,59,5.0,13,Penthouse with view of Lake Nakuru National Park,City
